route_id,trip_id,stop_id,stop_name,stop_lat,stop_lon,arrival_time,departure_time
R1,R1_T0,100,Stop_100,28.587454011884738,77.14507143064098,08:43:00,08:43:08
R1,R1_T0,101,Stop_101,28.623199394181142,77.1098658484197,08:45:20,08:45:33
R1,R1_T0,102,Stop_102,28.565601864044247,77.06559945203361,08:49:38,08:49:50
R1,R1_T0,103,Stop_103,28.555808361216823,77.13661761457749,08:53:01,08:53:09
R1,R1_T0,104,Stop_104,28.610111501174323,77.1208072577796,09:00:55,09:01:02
R1,R1_T0,105,Stop_105,28.55205844942958,77.14699098521619,09:08:04,09:08:22
R1,R1_T0,106,Stop_106,28.633244264080044,77.07123391106782,09:10:38,09:10:43
R1,R1_T0,107,Stop_107,28.568182496720713,77.06834045098533,09:13:30,09:13:41
R1,R1_T1,100,Stop_100,28.587454011884738,77.14507143064098,08:09:00,08:09:05
R1,R1_T1,101,Stop_101,28.623199394181142,77.1098658484197,08:15:52,08:16:03
R1,R1_T1,102,Stop_102,28.565601864044247,77.06559945203361,08:24:09,08:24:27
R1,R1_T1,103,Stop_103,28.555808361216823,77.13661761457749,08:28:19,08:28:38
R1,R1_T1,104,Stop_104,28.610111501174323,77.1208072577796,08:35:39,08:35:52
R1,R1_T1,105,Stop_105,28.55205844942958,77.14699098521619,08:44:46,08:44:51
R1,R1_T1,106,Stop_106,28.633244264080044,77.07123391106782,08:53:19,08:53:29
R1,R1_T1,107,Stop_107,28.568182496720713,77.06834045098533,09:01:26,09:01:44
R1,R1_T2,100,Stop_100,28.587454011884738,77.14507143064098,07:11:00,07:11:09
R1,R1_T2,101,Stop_101,28.623199394181142,77.1098658484197,07:14:59,07:15:14
R1,R1_T2,102,Stop_102,28.565601864044247,77.06559945203361,07:18:06,07:18:13
R1,R1_T2,103,Stop_103,28.555808361216823,77.13661761457749,07:23:27,07:23:35
R1,R1_T2,104,Stop_104,28.610111501174323,77.1208072577796,07:28:38,07:28:54
R1,R1_T2,105,Stop_105,28.55205844942958,77.14699098521619,07:36:03,07:36:16
R1,R1_T2,106,Stop_106,28.633244264080044,77.07123391106782,07:45:09,07:45:15
R1,R1_T2,107,Stop_107,28.568182496720713,77.06834045098533,07:53:28,07:53:47
R1,R1_T3,100,Stop_100,28.587454011884738,77.14507143064098,06:31:00,06:31:17
R1,R1_T3,101,Stop_101,28.623199394181142,77.1098658484197,06:33:57,06:34:11
R1,R1_T3,102,Stop_102,28.565601864044247,77.06559945203361,06:43:15,06:43:31
R1,R1_T3,103,Stop_103,28.555808361216823,77.13661761457749,06:50:26,06:50:37
R1,R1_T3,104,Stop_104,28.610111501174323,77.1208072577796,06:58:37,06:58:44
R1,R1_T3,105,Stop_105,28.55205844942958,77.14699098521619,07:01:07,07:01:19
R1,R1_T3,106,Stop_106,28.633244264080044,77.07123391106782,07:09:54,07:10:08
R1,R1_T3,107,Stop_107,28.568182496720713,77.06834045098533,07:12:48,07:13:00
R1,R1_T4,100,Stop_100,28.587454011884738,77.14507143064098,06:25:00,06:25:17
R1,R1_T4,101,Stop_101,28.623199394181142,77.1098658484197,06:29:39,06:29:58
R1,R1_T4,102,Stop_102,28.565601864044247,77.06559945203361,06:37:23,06:37:39
R1,R1_T4,103,Stop_103,28.555808361216823,77.13661761457749,06:41:02,06:41:18
R1,R1_T4,104,Stop_104,28.610111501174323,77.1208072577796,06:46:19,06:46:30
R1,R1_T4,105,Stop_105,28.55205844942958,77.14699098521619,06:54:13,06:54:26
R1,R1_T4,106,Stop_106,28.633244264080044,77.07123391106782,07:02:25,07:02:32
R1,R1_T4,107,Stop_107,28.568182496720713,77.06834045098533,07:09:43,07:09:53
R1,R1_T5,100,Stop_100,28.587454011884738,77.14507143064098,07:02:00,07:02:10
R1,R1_T5,101,Stop_101,28.623199394181142,77.1098658484197,07:08:06,07:08:23
R1,R1_T5,102,Stop_102,28.565601864044247,77.06559945203361,07:12:41,07:12:53
R1,R1_T5,103,Stop_103,28.555808361216823,77.13661761457749,07:20:43,07:20:58
R1,R1_T5,104,Stop_104,28.610111501174323,77.1208072577796,07:30:09,07:30:15
R1,R1_T5,105,Stop_105,28.55205844942958,77.14699098521619,07:34:12,07:34:18
R1,R1_T5,106,Stop_106,28.633244264080044,77.07123391106782,07:43:10,07:43:25
R1,R1_T5,107,Stop_107,28.568182496720713,77.06834045098533,07:48:50,07:49:03
R1,R1_T6,100,Stop_100,28.587454011884738,77.14507143064098,06:54:00,06:54:15
R1,R1_T6,101,Stop_101,28.623199394181142,77.1098658484197,06:58:03,06:58:23
R1,R1_T6,102,Stop_102,28.565601864044247,77.06559945203361,07:03:45,07:04:04
R1,R1_T6,103,Stop_103,28.555808361216823,77.13661761457749,07:07:17,07:07:30
R1,R1_T6,104,Stop_104,28.610111501174323,77.1208072577796,07:10:41,07:10:53
R1,R1_T6,105,Stop_105,28.55205844942958,77.14699098521619,07:19:14,07:19:27
R1,R1_T6,106,Stop_106,28.633244264080044,77.07123391106782,07:27:49,07:28:07
R1,R1_T6,107,Stop_107,28.568182496720713,77.06834045098533,07:37:46,07:38:03
R1,R1_T7,100,Stop_100,28.587454011884738,77.14507143064098,06:56:00,06:56:09
R1,R1_T7,101,Stop_101,28.623199394181142,77.1098658484197,07:02:29,07:02:49
R1,R1_T7,102,Stop_102,28.565601864044247,77.06559945203361,07:05:35,07:05:41
R1,R1_T7,103,Stop_103,28.555808361216823,77.13661761457749,07:15:01,07:15:09
R1,R1_T7,104,Stop_104,28.610111501174323,77.1208072577796,07:18:27,07:18:37
R1,R1_T7,105,Stop_105,28.55205844942958,77.14699098521619,07:27:22,07:27:40
R1,R1_T7,106,Stop_106,28.633244264080044,77.07123391106782,07:34:45,07:34:52
R1,R1_T7,107,Stop_107,28.568182496720713,77.06834045098533,07:40:09,07:40:26
R1,R1_T8,100,Stop_100,28.587454011884738,77.14507143064098,07:59:00,07:59:13
R1,R1_T8,101,Stop_101,28.623199394181142,77.1098658484197,08:05:56,08:06:01
R1,R1_T8,102,Stop_102,28.565601864044247,77.06559945203361,08:13:49,08:13:57
R1,R1_T8,103,Stop_103,28.555808361216823,77.13661761457749,08:21:46,08:21:59
R1,R1_T8,104,Stop_104,28.610111501174323,77.1208072577796,08:30:32,08:30:47
R1,R1_T8,105,Stop_105,28.55205844942958,77.14699098521619,08:33:44,08:33:58
R1,R1_T8,106,Stop_106,28.633244264080044,77.07123391106782,08:39:40,08:39:50
R1,R1_T8,107,Stop_107,28.568182496720713,77.06834045098533,08:45:42,08:45:47
R1,R1_T9,100,Stop_100,28.587454011884738,77.14507143064098,07:07:00,07:07:10
R1,R1_T9,101,Stop_101,28.623199394181142,77.1098658484197,07:13:29,07:13:37
R1,R1_T9,102,Stop_102,28.565601864044247,77.06559945203361,07:23:02,07:23:16
R1,R1_T9,103,Stop_103,28.555808361216823,77.13661761457749,07:32:26,07:32:37
R1,R1_T9,104,Stop_104,28.610111501174323,77.1208072577796,07:35:55,07:36:11
R1,R1_T9,105,Stop_105,28.55205844942958,77.14699098521619,07:44:41,07:44:51
R1,R1_T9,106,Stop_106,28.633244264080044,77.07123391106782,07:51:27,07:51:32
R1,R1_T9,107,Stop_107,28.568182496720713,77.06834045098533,07:58:38,07:58:53
R1,R1_T10,100,Stop_100,28.587454011884738,77.14507143064098,06:04:00,06:04:08
R1,R1_T10,101,Stop_101,28.623199394181142,77.1098658484197,06:14:03,06:14:19
R1,R1_T10,102,Stop_102,28.565601864044247,77.06559945203361,06:23:48,06:24:02
R1,R1_T10,103,Stop_103,28.555808361216823,77.13661761457749,06:28:04,06:28:10
R1,R1_T10,104,Stop_104,28.610111501174323,77.1208072577796,06:32:13,06:32:20
R1,R1_T10,105,Stop_105,28.55205844942958,77.14699098521619,06:35:03,06:35:23
R1,R1_T10,106,Stop_106,28.633244264080044,77.07123391106782,06:44:20,06:44:27
R1,R1_T10,107,Stop_107,28.568182496720713,77.06834045098533,06:52:56,06:53:05
R1,R1_T11,100,Stop_100,28.587454011884738,77.14507143064098,08:48:00,08:48:20
R1,R1_T11,101,Stop_101,28.623199394181142,77.1098658484197,08:55:01,08:55:11
R1,R1_T11,102,Stop_102,28.565601864044247,77.06559945203361,08:59:26,08:59:44
R1,R1_T11,103,Stop_103,28.555808361216823,77.13661761457749,09:03:32,09:03:43
R1,R1_T11,104,Stop_104,28.610111501174323,77.1208072577796,09:11:48,09:12:02
R1,R1_T11,105,Stop_105,28.55205844942958,77.14699098521619,09:17:26,09:17:42
R1,R1_T11,106,Stop_106,28.633244264080044,77.07123391106782,09:23:26,09:23:45
R1,R1_T11,107,Stop_107,28.568182496720713,77.06834045098533,09:26:46,09:26:58
R1,R1_T12,100,Stop_100,28.587454011884738,77.14507143064098,06:16:00,06:16:15
R1,R1_T12,101,Stop_101,28.623199394181142,77.1098658484197,06:18:25,06:18:37
R1,R1_T12,102,Stop_102,28.565601864044247,77.06559945203361,06:25:38,06:25:50
R1,R1_T12,103,Stop_103,28.555808361216823,77.13661761457749,06:27:53,06:28:00
R1,R1_T12,104,Stop_104,28.610111501174323,77.1208072577796,06:36:02,06:36:08
R1,R1_T12,105,Stop_105,28.55205844942958,77.14699098521619,06:40:05,06:40:12
R1,R1_T12,106,Stop_106,28.633244264080044,77.07123391106782,06:49:55,06:50:01
R1,R1_T12,107,Stop_107,28.568182496720713,77.06834045098533,06:59:21,06:59:36
R1,R1_T13,100,Stop_100,28.587454011884738,77.14507143064098,08:11:00,08:11:12
R1,R1_T13,101,Stop_101,28.623199394181142,77.1098658484197,08:15:34,08:15:54
R1,R1_T13,102,Stop_102,28.565601864044247,77.06559945203361,08:19:43,08:19:52
R1,R1_T13,103,Stop_103,28.555808361216823,77.13661761457749,08:28:02,08:28:22
R1,R1_T13,104,Stop_104,28.610111501174323,77.1208072577796,08:32:26,08:32:46
R1,R1_T13,105,Stop_105,28.55205844942958,77.14699098521619,08:41:39,08:41:57
R1,R1_T13,106,Stop_106,28.633244264080044,77.07123391106782,08:45:34,08:45:42
R1,R1_T13,107,Stop_107,28.568182496720713,77.06834045098533,08:48:31,08:48:49
R1,R1_T14,100,Stop_100,28.587454011884738,77.14507143064098,07:48:00,07:48:18
R1,R1_T14,101,Stop_101,28.623199394181142,77.1098658484197,07:54:17,07:54:23
R1,R1_T14,102,Stop_102,28.565601864044247,77.06559945203361,08:02:07,08:02:15
R1,R1_T14,103,Stop_103,28.555808361216823,77.13661761457749,08:04:46,08:05:03
R1,R1_T14,104,Stop_104,28.610111501174323,77.1208072577796,08:13:15,08:13:30
R1,R1_T14,105,Stop_105,28.55205844942958,77.14699098521619,08:22:19,08:22:27
R1,R1_T14,106,Stop_106,28.633244264080044,77.07123391106782,08:26:34,08:26:45
R1,R1_T14,107,Stop_107,28.568182496720713,77.06834045098533,08:30:22,08:30:41
R1,R1_T15,100,Stop_100,28.587454011884738,77.14507143064098,07:48:00,07:48:10
R1,R1_T15,101,Stop_101,28.623199394181142,77.1098658484197,07:52:32,07:52:51
R1,R1_T15,102,Stop_102,28.565601864044247,77.06559945203361,07:56:58,07:57:05
R1,R1_T15,103,Stop_103,28.555808361216823,77.13661761457749,08:02:51,08:02:59
R1,R1_T15,104,Stop_104,28.610111501174323,77.1208072577796,08:05:24,08:05:29
R1,R1_T15,105,Stop_105,28.55205844942958,77.14699098521619,08:08:16,08:08:28
R1,R1_T15,106,Stop_106,28.633244264080044,77.07123391106782,08:11:53,08:12:11
R1,R1_T15,107,Stop_107,28.568182496720713,77.06834045098533,08:18:19,08:18:39
R1,R1_T16,100,Stop_100,28.587454011884738,77.14507143064098,07:42:00,07:42:06
R1,R1_T16,101,Stop_101,28.623199394181142,77.1098658484197,07:45:30,07:45:47
R1,R1_T16,102,Stop_102,28.565601864044247,77.06559945203361,07:47:48,07:48:05
R1,R1_T16,103,Stop_103,28.555808361216823,77.13661761457749,07:52:20,07:52:39
R1,R1_T16,104,Stop_104,28.610111501174323,77.1208072577796,07:57:05,07:57:23
R1,R1_T16,105,Stop_105,28.55205844942958,77.14699098521619,08:05:19,08:05:39
R1,R1_T16,106,Stop_106,28.633244264080044,77.07123391106782,08:08:58,08:09:09
R1,R1_T16,107,Stop_107,28.568182496720713,77.06834045098533,08:13:40,08:13:51
R1,R1_T17,100,Stop_100,28.587454011884738,77.14507143064098,08:28:00,08:28:06
R1,R1_T17,101,Stop_101,28.623199394181142,77.1098658484197,08:36:28,08:36:43
R1,R1_T17,102,Stop_102,28.565601864044247,77.06559945203361,08:39:12,08:39:18
R1,R1_T17,103,Stop_103,28.555808361216823,77.13661761457749,08:46:17,08:46:37
R1,R1_T17,104,Stop_104,28.610111501174323,77.1208072577796,08:52:54,08:53:04
R1,R1_T17,105,Stop_105,28.55205844942958,77.14699098521619,08:55:33,08:55:40
R1,R1_T17,106,Stop_106,28.633244264080044,77.07123391106782,09:04:55,09:05:05
R1,R1_T17,107,Stop_107,28.568182496720713,77.06834045098533,09:07:40,09:07:47
R1,R1_T18,100,Stop_100,28.587454011884738,77.14507143064098,07:00:00,07:00:17
R1,R1_T18,101,Stop_101,28.623199394181142,77.1098658484197,07:03:18,07:03:30
R1,R1_T18,102,Stop_102,28.565601864044247,77.06559945203361,07:10:26,07:10:32
R1,R1_T18,103,Stop_103,28.555808361216823,77.13661761457749,07:17:49,07:17:56
R1,R1_T18,104,Stop_104,28.610111501174323,77.1208072577796,07:23:30,07:23:45
R1,R1_T18,105,Stop_105,28.55205844942958,77.14699098521619,07:33:43,07:33:56
R1,R1_T18,106,Stop_106,28.633244264080044,77.07123391106782,07:37:40,07:37:55
R1,R1_T18,107,Stop_107,28.568182496720713,77.06834045098533,07:41:57,07:42:10
R1,R1_T19,100,Stop_100,28.587454011884738,77.14507143064098,06:33:00,06:33:14
R1,R1_T19,101,Stop_101,28.623199394181142,77.1098658484197,06:39:08,06:39:23
R1,R1_T19,102,Stop_102,28.565601864044247,77.06559945203361,06:49:18,06:49:25
R1,R1_T19,103,Stop_103,28.555808361216823,77.13661761457749,06:51:29,06:51:48
R1,R1_T19,104,Stop_104,28.610111501174323,77.1208072577796,06:59:06,06:59:14
R1,R1_T19,105,Stop_105,28.55205844942958,77.14699098521619,07:01:51,07:02:02
R1,R1_T19,106,Stop_106,28.633244264080044,77.07123391106782,07:08:21,07:08:34
R1,R1_T19,107,Stop_107,28.568182496720713,77.06834045098533,07:11:41,07:11:57
R2,R2_T0,200,Stop_200,28.580424224295957,77.10247564316322,06:17:00,06:17:12
R2,R2_T0,201,Stop_201,28.593194501864215,77.0791229140198,06:22:21,06:22:35
R2,R2_T0,202,Stop_202,28.61118528947224,77.0639493860652,06:25:55,06:26:14
R2,R2_T0,203,Stop_203,28.579214464853525,77.08663618432936,06:35:20,06:35:34
R2,R2_T0,204,Stop_204,28.595606998421705,77.12851759613929,06:42:47,06:42:52
R2,R2_T0,205,Stop_205,28.569967378215836,77.10142344384136,06:50:33,06:50:47
R2,R2_T0,206,Stop_206,28.609241456886206,77.054645041272,07:00:44,07:00:52
R2,R2_T0,207,Stop_207,28.610754485190146,77.06705241236872,07:10:52,07:11:01
R2,R2_T1,200,Stop_200,28.580424224295957,77.10247564316322,06:29:00,06:29:08
R2,R2_T1,201,Stop_201,28.593194501864215,77.0791229140198,06:37:28,06:37:37
R2,R2_T1,202,Stop_202,28.61118528947224,77.0639493860652,06:41:56,06:42:10
R2,R2_T1,203,Stop_203,28.579214464853525,77.08663618432936,06:49:19,06:49:30
R2,R2_T1,204,Stop_204,28.595606998421705,77.12851759613929,06:57:37,06:57:52
R2,R2_T1,205,Stop_205,28.569967378215836,77.10142344384136,07:01:36,07:01:49
R2,R2_T1,206,Stop_206,28.609241456886206,77.054645041272,07:08:07,07:08:27
R2,R2_T1,207,Stop_207,28.610754485190146,77.06705241236872,07:12:35,07:12:41
R2,R2_T2,200,Stop_200,28.580424224295957,77.10247564316322,08:42:00,08:42:18
R2,R2_T2,201,Stop_201,28.593194501864215,77.0791229140198,08:51:22,08:51:35
R2,R2_T2,202,Stop_202,28.61118528947224,77.0639493860652,08:53:57,08:54:02
R2,R2_T2,203,Stop_203,28.579214464853525,77.08663618432936,08:58:52,08:59:01
R2,R2_T2,204,Stop_204,28.595606998421705,77.12851759613929,09:06:27,09:06:40
R2,R2_T2,205,Stop_205,28.569967378215836,77.10142344384136,09:10:02,09:10:21
R2,R2_T2,206,Stop_206,28.609241456886206,77.054645041272,09:17:03,09:17:21
R2,R2_T2,207,Stop_207,28.610754485190146,77.06705241236872,09:24:08,09:24:13
R2,R2_T3,200,Stop_200,28.580424224295957,77.10247564316322,06:19:00,06:19:09
R2,R2_T3,201,Stop_201,28.593194501864215,77.0791229140198,06:25:48,06:25:54
R2,R2_T3,202,Stop_202,28.61118528947224,77.0639493860652,06:35:01,06:35:17
R2,R2_T3,203,Stop_203,28.579214464853525,77.08663618432936,06:42:15,06:42:24
R2,R2_T3,204,Stop_204,28.595606998421705,77.12851759613929,06:48:04,06:48:13
R2,R2_T3,205,Stop_205,28.569967378215836,77.10142344384136,06:50:34,06:50:48
R2,R2_T3,206,Stop_206,28.609241456886206,77.054645041272,06:55:54,06:56:00
R2,R2_T3,207,Stop_207,28.610754485190146,77.06705241236872,07:05:40,07:05:56
R2,R2_T4,200,Stop_200,28.580424224295957,77.10247564316322,08:54:00,08:54:12
R2,R2_T4,201,Stop_201,28.593194501864215,77.0791229140198,09:01:53,09:02:01
R2,R2_T4,202,Stop_202,28.61118528947224,77.0639493860652,09:07:02,09:07:20
R2,R2_T4,203,Stop_203,28.579214464853525,77.08663618432936,09:14:37,09:14:46
R2,R2_T4,204,Stop_204,28.595606998421705,77.12851759613929,09:24:39,09:24:51
R2,R2_T4,205,Stop_205,28.569967378215836,77.10142344384136,09:34:13,09:34:23
R2,R2_T4,206,Stop_206,28.609241456886206,77.054645041272,09:43:12,09:43:22
R2,R2_T4,207,Stop_207,28.610754485190146,77.06705241236872,09:52:53,09:53:11
R2,R2_T5,200,Stop_200,28.580424224295957,77.10247564316322,06:45:00,06:45:15
R2,R2_T5,201,Stop_201,28.593194501864215,77.0791229140198,06:53:55,06:54:13
R2,R2_T5,202,Stop_202,28.61118528947224,77.0639493860652,07:03:03,07:03:15
R2,R2_T5,203,Stop_203,28.579214464853525,77.08663618432936,07:07:31,07:07:41
R2,R2_T5,204,Stop_204,28.595606998421705,77.12851759613929,07:16:24,07:16:32
R2,R2_T5,205,Stop_205,28.569967378215836,77.10142344384136,07:21:47,07:21:53
R2,R2_T5,206,Stop_206,28.609241456886206,77.054645041272,07:31:12,07:31:32
R2,R2_T5,207,Stop_207,28.610754485190146,77.06705241236872,07:35:25,07:35:36
R2,R2_T6,200,Stop_200,28.580424224295957,77.10247564316322,07:57:00,07:57:16
R2,R2_T6,201,Stop_201,28.593194501864215,77.0791229140198,08:01:52,08:02:04
R2,R2_T6,202,Stop_202,28.61118528947224,77.0639493860652,08:05:58,08:06:03
R2,R2_T6,203,Stop_203,28.579214464853525,77.08663618432936,08:13:40,08:13:51
R2,R2_T6,204,Stop_204,28.595606998421705,77.12851759613929,08:19:15,08:19:30
R2,R2_T6,205,Stop_205,28.569967378215836,77.10142344384136,08:23:52,08:23:59
R2,R2_T6,206,Stop_206,28.609241456886206,77.054645041272,08:32:34,08:32:47
R2,R2_T6,207,Stop_207,28.610754485190146,77.06705241236872,08:37:46,08:38:03
R2,R2_T7,200,Stop_200,28.580424224295957,77.10247564316322,08:17:00,08:17:15
R2,R2_T7,201,Stop_201,28.593194501864215,77.0791229140198,08:27:15,08:27:20
R2,R2_T7,202,Stop_202,28.61118528947224,77.0639493860652,08:30:19,08:30:32
R2,R2_T7,203,Stop_203,28.579214464853525,77.08663618432936,08:34:03,08:34:16
R2,R2_T7,204,Stop_204,28.595606998421705,77.12851759613929,08:36:35,08:36:43
R2,R2_T7,205,Stop_205,28.569967378215836,77.10142344384136,08:43:48,08:44:06
R2,R2_T7,206,Stop_206,28.609241456886206,77.054645041272,08:49:02,08:49:17
R2,R2_T7,207,Stop_207,28.610754485190146,77.06705241236872,08:55:00,08:55:08
R2,R2_T8,200,Stop_200,28.580424224295957,77.10247564316322,08:27:00,08:27:11
R2,R2_T8,201,Stop_201,28.593194501864215,77.0791229140198,08:31:21,08:31:27
R2,R2_T8,202,Stop_202,28.61118528947224,77.0639493860652,08:39:29,08:39:47
R2,R2_T8,203,Stop_203,28.579214464853525,77.08663618432936,08:41:47,08:41:58
R2,R2_T8,204,Stop_204,28.595606998421705,77.12851759613929,08:47:04,08:47:22
R2,R2_T8,205,Stop_205,28.569967378215836,77.10142344384136,08:49:57,08:50:12
R2,R2_T8,206,Stop_206,28.609241456886206,77.054645041272,08:57:31,08:57:46
R2,R2_T8,207,Stop_207,28.610754485190146,77.06705241236872,09:05:25,09:05:33
R2,R2_T9,200,Stop_200,28.580424224295957,77.10247564316322,07:16:00,07:16:14
R2,R2_T9,201,Stop_201,28.593194501864215,77.0791229140198,07:23:55,07:24:13
R2,R2_T9,202,Stop_202,28.61118528947224,77.0639493860652,07:29:00,07:29:17
R2,R2_T9,203,Stop_203,28.579214464853525,77.08663618432936,07:37:13,07:37:27
R2,R2_T9,204,Stop_204,28.595606998421705,77.12851759613929,07:44:10,07:44:19
R2,R2_T9,205,Stop_205,28.569967378215836,77.10142344384136,07:47:57,07:48:15
R2,R2_T9,206,Stop_206,28.609241456886206,77.054645041272,07:55:55,07:56:12
R2,R2_T9,207,Stop_207,28.610754485190146,77.06705241236872,08:03:58,08:04:08
R2,R2_T10,200,Stop_200,28.580424224295957,77.10247564316322,08:25:00,08:25:14
R2,R2_T10,201,Stop_201,28.593194501864215,77.0791229140198,08:30:41,08:30:46
R2,R2_T10,202,Stop_202,28.61118528947224,77.0639493860652,08:35:21,08:35:35
R2,R2_T10,203,Stop_203,28.579214464853525,77.08663618432936,08:39:22,08:39:40
R2,R2_T10,204,Stop_204,28.595606998421705,77.12851759613929,08:48:22,08:48:37
R2,R2_T10,205,Stop_205,28.569967378215836,77.10142344384136,08:54:35,08:54:54
R2,R2_T10,206,Stop_206,28.609241456886206,77.054645041272,09:00:40,09:00:51
R2,R2_T10,207,Stop_207,28.610754485190146,77.06705241236872,09:07:12,09:07:32
R2,R2_T11,200,Stop_200,28.580424224295957,77.10247564316322,06:43:00,06:43:07
R2,R2_T11,201,Stop_201,28.593194501864215,77.0791229140198,06:47:32,06:47:47
R2,R2_T11,202,Stop_202,28.61118528947224,77.0639493860652,06:50:34,06:50:46
R2,R2_T11,203,Stop_203,28.579214464853525,77.08663618432936,06:58:30,06:58:44
R2,R2_T11,204,Stop_204,28.595606998421705,77.12851759613929,07:02:39,07:02:50
R2,R2_T11,205,Stop_205,28.569967378215836,77.10142344384136,07:06:05,07:06:10
R2,R2_T11,206,Stop_206,28.609241456886206,77.054645041272,07:08:33,07:08:45
R2,R2_T11,207,Stop_207,28.610754485190146,77.06705241236872,07:14:48,07:14:55
R2,R2_T12,200,Stop_200,28.580424224295957,77.10247564316322,07:46:00,07:46:11
R2,R2_T12,201,Stop_201,28.593194501864215,77.0791229140198,07:54:18,07:54:35
R2,R2_T12,202,Stop_202,28.61118528947224,77.0639493860652,08:00:48,08:01:05
R2,R2_T12,203,Stop_203,28.579214464853525,77.08663618432936,08:05:09,08:05:18
R2,R2_T12,204,Stop_204,28.595606998421705,77.12851759613929,08:12:53,08:12:58
R2,R2_T12,205,Stop_205,28.569967378215836,77.10142344384136,08:22:35,08:22:43
R2,R2_T12,206,Stop_206,28.609241456886206,77.054645041272,08:31:21,08:31:39
R2,R2_T12,207,Stop_207,28.610754485190146,77.06705241236872,08:35:31,08:35:41
R2,R2_T13,200,Stop_200,28.580424224295957,77.10247564316322,08:58:00,08:58:19
R2,R2_T13,201,Stop_201,28.593194501864215,77.0791229140198,09:00:44,09:00:56
R2,R2_T13,202,Stop_202,28.61118528947224,77.0639493860652,09:10:45,09:10:53
R2,R2_T13,203,Stop_203,28.579214464853525,77.08663618432936,09:16:46,09:16:55
R2,R2_T13,204,Stop_204,28.595606998421705,77.12851759613929,09:25:45,09:26:04
R2,R2_T13,205,Stop_205,28.569967378215836,77.10142344384136,09:33:45,09:34:00
R2,R2_T13,206,Stop_206,28.609241456886206,77.054645041272,09:42:26,09:42:45
R2,R2_T13,207,Stop_207,28.610754485190146,77.06705241236872,09:49:58,09:50:16
R2,R2_T14,200,Stop_200,28.580424224295957,77.10247564316322,08:20:00,08:20:19
R2,R2_T14,201,Stop_201,28.593194501864215,77.0791229140198,08:29:58,08:30:08
R2,R2_T14,202,Stop_202,28.61118528947224,77.0639493860652,08:38:28,08:38:48
R2,R2_T14,203,Stop_203,28.579214464853525,77.08663618432936,08:44:38,08:44:51
R2,R2_T14,204,Stop_204,28.595606998421705,77.12851759613929,08:53:15,08:53:27
R2,R2_T14,205,Stop_205,28.569967378215836,77.10142344384136,09:02:37,09:02:50
R2,R2_T14,206,Stop_206,28.609241456886206,77.054645041272,09:11:22,09:11:42
R2,R2_T14,207,Stop_207,28.610754485190146,77.06705241236872,09:19:02,09:19:14
R2,R2_T15,200,Stop_200,28.580424224295957,77.10247564316322,07:52:00,07:52:07
R2,R2_T15,201,Stop_201,28.593194501864215,77.0791229140198,08:00:12,08:00:26
R2,R2_T15,202,Stop_202,28.61118528947224,77.0639493860652,08:04:26,08:04:39
R2,R2_T15,203,Stop_203,28.579214464853525,77.08663618432936,08:09:30,08:09:45
R2,R2_T15,204,Stop_204,28.595606998421705,77.12851759613929,08:19:22,08:19:29
R2,R2_T15,205,Stop_205,28.569967378215836,77.10142344384136,08:22:39,08:22:48
R2,R2_T15,206,Stop_206,28.609241456886206,77.054645041272,08:26:46,08:27:03
R2,R2_T15,207,Stop_207,28.610754485190146,77.06705241236872,08:34:58,08:35:07
R2,R2_T16,200,Stop_200,28.580424224295957,77.10247564316322,06:54:00,06:54:07
R2,R2_T16,201,Stop_201,28.593194501864215,77.0791229140198,06:59:39,06:59:57
R2,R2_T16,202,Stop_202,28.61118528947224,77.0639493860652,07:04:46,07:05:05
R2,R2_T16,203,Stop_203,28.579214464853525,77.08663618432936,07:10:37,07:10:43
R2,R2_T16,204,Stop_204,28.595606998421705,77.12851759613929,07:14:28,07:14:46
R2,R2_T16,205,Stop_205,28.569967378215836,77.10142344384136,07:20:05,07:20:10
R2,R2_T16,206,Stop_206,28.609241456886206,77.054645041272,07:29:28,07:29:45
R2,R2_T16,207,Stop_207,28.610754485190146,77.06705241236872,07:35:49,07:35:54
R2,R2_T17,200,Stop_200,28.580424224295957,77.10247564316322,07:16:00,07:16:17
R2,R2_T17,201,Stop_201,28.593194501864215,77.0791229140198,07:25:33,07:25:51
R2,R2_T17,202,Stop_202,28.61118528947224,77.0639493860652,07:32:26,07:32:38
R2,R2_T17,203,Stop_203,28.579214464853525,77.08663618432936,07:38:47,07:38:59
R2,R2_T17,204,Stop_204,28.595606998421705,77.12851759613929,07:43:18,07:43:36
R2,R2_T17,205,Stop_205,28.569967378215836,77.10142344384136,07:49:44,07:49:49
R2,R2_T17,206,Stop_206,28.609241456886206,77.054645041272,07:55:08,07:55:23
R2,R2_T17,207,Stop_207,28.610754485190146,77.06705241236872,08:03:05,08:03:22
R2,R2_T18,200,Stop_200,28.580424224295957,77.10247564316322,06:42:00,06:42:19
R2,R2_T18,201,Stop_201,28.593194501864215,77.0791229140198,06:52:09,06:52:18
R2,R2_T18,202,Stop_202,28.61118528947224,77.0639493860652,06:59:36,06:59:41
R2,R2_T18,203,Stop_203,28.579214464853525,77.08663618432936,07:09:25,07:09:42
R2,R2_T18,204,Stop_204,28.595606998421705,77.12851759613929,07:16:45,07:16:50
R2,R2_T18,205,Stop_205,28.569967378215836,77.10142344384136,07:19:32,07:19:50
R2,R2_T18,206,Stop_206,28.609241456886206,77.054645041272,07:22:59,07:23:18
R2,R2_T18,207,Stop_207,28.610754485190146,77.06705241236872,07:26:51,07:26:57
R2,R2_T19,200,Stop_200,28.580424224295957,77.10247564316322,07:37:00,07:37:15
R2,R2_T19,201,Stop_201,28.593194501864215,77.0791229140198,07:41:03,07:41:22
R2,R2_T19,202,Stop_202,28.61118528947224,77.0639493860652,07:46:09,07:46:24
R2,R2_T19,203,Stop_203,28.579214464853525,77.08663618432936,07:54:53,07:55:10
R2,R2_T19,204,Stop_204,28.595606998421705,77.12851759613929,07:59:32,07:59:50
R2,R2_T19,205,Stop_205,28.569967378215836,77.10142344384136,08:03:59,08:04:06
R2,R2_T19,206,Stop_206,28.609241456886206,77.054645041272,08:10:06,08:10:11
R2,R2_T19,207,Stop_207,28.610754485190146,77.06705241236872,08:18:34,08:18:40
R3,R3_T0,300,Stop_300,28.556505159298528,77.14488855372532,06:57:00,06:57:07
R3,R3_T0,301,Stop_301,28.64656320330746,77.13083973481164,07:05:46,07:05:52
R3,R3_T0,302,Stop_302,28.580461376917338,77.05976721140063,07:14:18,07:14:23
R3,R3_T0,303,Stop_303,28.618423302651216,77.09401524937395,07:18:29,07:18:40
R3,R3_T0,304,Stop_304,28.56220382348448,77.09951769101112,07:27:49,07:27:54
R3,R3_T0,305,Stop_305,28.553438852111523,77.14093204020787,07:35:12,07:35:21
R3,R3_T0,306,Stop_306,28.575877998160003,77.11625222843539,07:39:23,07:39:32
R3,R3_T0,307,Stop_307,28.58117110760894,77.10200680211777,07:45:34,07:45:42
R3,R3_T1,300,Stop_300,28.556505159298528,77.14488855372532,06:55:00,06:55:19
R3,R3_T1,301,Stop_301,28.64656320330746,77.13083973481164,07:03:17,07:03:30
R3,R3_T1,302,Stop_302,28.580461376917338,77.05976721140063,07:12:02,07:12:18
R3,R3_T1,303,Stop_303,28.618423302651216,77.09401524937395,07:15:43,07:15:51
R3,R3_T1,304,Stop_304,28.56220382348448,77.09951769101112,07:24:29,07:24:39
R3,R3_T1,305,Stop_305,28.553438852111523,77.14093204020787,07:29:18,07:29:26
R3,R3_T1,306,Stop_306,28.575877998160003,77.11625222843539,07:36:22,07:36:27
R3,R3_T1,307,Stop_307,28.58117110760894,77.10200680211777,07:46:22,07:46:36
R3,R3_T2,300,Stop_300,28.556505159298528,77.14488855372532,08:53:00,08:53:17
R3,R3_T2,301,Stop_301,28.64656320330746,77.13083973481164,08:58:40,08:58:51
R3,R3_T2,302,Stop_302,28.580461376917338,77.05976721140063,09:01:29,09:01:41
R3,R3_T2,303,Stop_303,28.618423302651216,77.09401524937395,09:04:33,09:04:47
R3,R3_T2,304,Stop_304,28.56220382348448,77.09951769101112,09:14:02,09:14:10
R3,R3_T2,305,Stop_305,28.553438852111523,77.14093204020787,09:22:57,09:23:03
R3,R3_T2,306,Stop_306,28.575877998160003,77.11625222843539,09:28:00,09:28:18
R3,R3_T2,307,Stop_307,28.58117110760894,77.10200680211777,09:35:56,09:36:12
R3,R3_T3,300,Stop_300,28.556505159298528,77.14488855372532,08:09:00,08:09:15
R3,R3_T3,301,Stop_301,28.64656320330746,77.13083973481164,08:11:21,08:11:39
R3,R3_T3,302,Stop_302,28.580461376917338,77.05976721140063,08:20:40,08:21:00
R3,R3_T3,303,Stop_303,28.618423302651216,77.09401524937395,08:23:54,08:24:12
R3,R3_T3,304,Stop_304,28.56220382348448,77.09951769101112,08:29:17,08:29:36
R3,R3_T3,305,Stop_305,28.553438852111523,77.14093204020787,08:37:38,08:37:47
R3,R3_T3,306,Stop_306,28.575877998160003,77.11625222843539,08:43:29,08:43:39
R3,R3_T3,307,Stop_307,28.58117110760894,77.10200680211777,08:51:54,08:52:07
R3,R3_T4,300,Stop_300,28.556505159298528,77.14488855372532,08:17:00,08:17:20
R3,R3_T4,301,Stop_301,28.64656320330746,77.13083973481164,08:23:18,08:23:36
R3,R3_T4,302,Stop_302,28.580461376917338,77.05976721140063,08:32:38,08:32:51
R3,R3_T4,303,Stop_303,28.618423302651216,77.09401524937395,08:37:36,08:37:48
R3,R3_T4,304,Stop_304,28.56220382348448,77.09951769101112,08:46:53,08:47:00
R3,R3_T4,305,Stop_305,28.553438852111523,77.14093204020787,08:51:22,08:51:41
R3,R3_T4,306,Stop_306,28.575877998160003,77.11625222843539,08:55:45,08:56:04
R3,R3_T4,307,Stop_307,28.58117110760894,77.10200680211777,09:02:55,09:03:12
R3,R3_T5,300,Stop_300,28.556505159298528,77.14488855372532,06:07:00,06:07:20
R3,R3_T5,301,Stop_301,28.64656320330746,77.13083973481164,06:16:35,06:16:50
R3,R3_T5,302,Stop_302,28.580461376917338,77.05976721140063,06:20:23,06:20:43
R3,R3_T5,303,Stop_303,28.618423302651216,77.09401524937395,06:24:31,06:24:47
R3,R3_T5,304,Stop_304,28.56220382348448,77.09951769101112,06:33:35,06:33:48
R3,R3_T5,305,Stop_305,28.553438852111523,77.14093204020787,06:38:42,06:38:55
R3,R3_T5,306,Stop_306,28.575877998160003,77.11625222843539,06:48:25,06:48:38
R3,R3_T5,307,Stop_307,28.58117110760894,77.10200680211777,06:55:22,06:55:27
R3,R3_T6,300,Stop_300,28.556505159298528,77.14488855372532,06:48:00,06:48:07
R3,R3_T6,301,Stop_301,28.64656320330746,77.13083973481164,06:52:10,06:52:28
R3,R3_T6,302,Stop_302,28.580461376917338,77.05976721140063,06:58:38,06:58:50
R3,R3_T6,303,Stop_303,28.618423302651216,77.09401524937395,07:06:43,07:07:03
R3,R3_T6,304,Stop_304,28.56220382348448,77.09951769101112,07:14:33,07:14:53
R3,R3_T6,305,Stop_305,28.553438852111523,77.14093204020787,07:20:42,07:20:47
R3,R3_T6,306,Stop_306,28.575877998160003,77.11625222843539,07:23:34,07:23:48
R3,R3_T6,307,Stop_307,28.58117110760894,77.10200680211777,07:27:41,07:27:58
R3,R3_T7,300,Stop_300,28.556505159298528,77.14488855372532,07:02:00,07:02:14
R3,R3_T7,301,Stop_301,28.64656320330746,77.13083973481164,07:09:53,07:10:09
R3,R3_T7,302,Stop_302,28.580461376917338,77.05976721140063,07:16:11,07:16:27
R3,R3_T7,303,Stop_303,28.618423302651216,77.09401524937395,07:22:04,07:22:19
R3,R3_T7,304,Stop_304,28.56220382348448,77.09951769101112,07:27:19,07:27:38
R3,R3_T7,305,Stop_305,28.553438852111523,77.14093204020787,07:31:56,07:32:10
R3,R3_T7,306,Stop_306,28.575877998160003,77.11625222843539,07:36:18,07:36:30
R3,R3_T7,307,Stop_307,28.58117110760894,77.10200680211777,07:39:31,07:39:42
R3,R3_T8,300,Stop_300,28.556505159298528,77.14488855372532,06:30:00,06:30:10
R3,R3_T8,301,Stop_301,28.64656320330746,77.13083973481164,06:33:48,06:33:59
R3,R3_T8,302,Stop_302,28.580461376917338,77.05976721140063,06:42:17,06:42:37
R3,R3_T8,303,Stop_303,28.618423302651216,77.09401524937395,06:46:58,06:47:12
R3,R3_T8,304,Stop_304,28.56220382348448,77.09951769101112,06:50:03,06:50:14
R3,R3_T8,305,Stop_305,28.553438852111523,77.14093204020787,06:54:45,06:54:57
R3,R3_T8,306,Stop_306,28.575877998160003,77.11625222843539,07:00:01,07:00:11
R3,R3_T8,307,Stop_307,28.58117110760894,77.10200680211777,07:04:45,07:04:50
R3,R3_T9,300,Stop_300,28.556505159298528,77.14488855372532,08:16:00,08:16:09
R3,R3_T9,301,Stop_301,28.64656320330746,77.13083973481164,08:20:29,08:20:35
R3,R3_T9,302,Stop_302,28.580461376917338,77.05976721140063,08:23:02,08:23:16
R3,R3_T9,303,Stop_303,28.618423302651216,77.09401524937395,08:31:13,08:31:22
R3,R3_T9,304,Stop_304,28.56220382348448,77.09951769101112,08:38:48,08:39:08
R3,R3_T9,305,Stop_305,28.553438852111523,77.14093204020787,08:42:00,08:42:05
R3,R3_T9,306,Stop_306,28.575877998160003,77.11625222843539,08:48:58,08:49:12
R3,R3_T9,307,Stop_307,28.58117110760894,77.10200680211777,08:55:12,08:55:32
R3,R3_T10,300,Stop_300,28.556505159298528,77.14488855372532,07:27:00,07:27:10
R3,R3_T10,301,Stop_301,28.64656320330746,77.13083973481164,07:29:36,07:29:49
R3,R3_T10,302,Stop_302,28.580461376917338,77.05976721140063,07:39:10,07:39:30
R3,R3_T10,303,Stop_303,28.618423302651216,77.09401524937395,07:42:28,07:42:35
R3,R3_T10,304,Stop_304,28.56220382348448,77.09951769101112,07:48:00,07:48:20
R3,R3_T10,305,Stop_305,28.553438852111523,77.14093204020787,07:50:57,07:51:03
R3,R3_T10,306,Stop_306,28.575877998160003,77.11625222843539,07:54:20,07:54:29
R3,R3_T10,307,Stop_307,28.58117110760894,77.10200680211777,08:03:24,08:03:38
R3,R3_T11,300,Stop_300,28.556505159298528,77.14488855372532,07:03:00,07:03:08
R3,R3_T11,301,Stop_301,28.64656320330746,77.13083973481164,07:09:53,07:10:11
R3,R3_T11,302,Stop_302,28.580461376917338,77.05976721140063,07:17:21,07:17:33
R3,R3_T11,303,Stop_303,28.618423302651216,77.09401524937395,07:26:10,07:26:27
R3,R3_T11,304,Stop_304,28.56220382348448,77.09951769101112,07:32:17,07:32:36
R3,R3_T11,305,Stop_305,28.553438852111523,77.14093204020787,07:37:08,07:37:26
R3,R3_T11,306,Stop_306,28.575877998160003,77.11625222843539,07:42:02,07:42:08
R3,R3_T11,307,Stop_307,28.58117110760894,77.10200680211777,07:49:20,07:49:28
R3,R3_T12,300,Stop_300,28.556505159298528,77.14488855372532,06:53:00,06:53:11
R3,R3_T12,301,Stop_301,28.64656320330746,77.13083973481164,06:57:26,06:57:33
R3,R3_T12,302,Stop_302,28.580461376917338,77.05976721140063,07:00:53,07:01:05
R3,R3_T12,303,Stop_303,28.618423302651216,77.09401524937395,07:04:33,07:04:40
R3,R3_T12,304,Stop_304,28.56220382348448,77.09951769101112,07:08:00,07:08:05
R3,R3_T12,305,Stop_305,28.553438852111523,77.14093204020787,07:13:34,07:13:53
R3,R3_T12,306,Stop_306,28.575877998160003,77.11625222843539,07:21:45,07:22:05
R3,R3_T12,307,Stop_307,28.58117110760894,77.10200680211777,07:26:34,07:26:40
R3,R3_T13,300,Stop_300,28.556505159298528,77.14488855372532,07:13:00,07:13:14
R3,R3_T13,301,Stop_301,28.64656320330746,77.13083973481164,07:21:13,07:21:32
R3,R3_T13,302,Stop_302,28.580461376917338,77.05976721140063,07:24:08,07:24:20
R3,R3_T13,303,Stop_303,28.618423302651216,77.09401524937395,07:34:13,07:34:26
R3,R3_T13,304,Stop_304,28.56220382348448,77.09951769101112,07:43:09,07:43:20
R3,R3_T13,305,Stop_305,28.553438852111523,77.14093204020787,07:48:57,07:49:05
R3,R3_T13,306,Stop_306,28.575877998160003,77.11625222843539,07:55:43,07:55:55
R3,R3_T13,307,Stop_307,28.58117110760894,77.10200680211777,08:03:26,08:03:35
R3,R3_T14,300,Stop_300,28.556505159298528,77.14488855372532,07:08:00,07:08:09
R3,R3_T14,301,Stop_301,28.64656320330746,77.13083973481164,07:10:45,07:10:51
R3,R3_T14,302,Stop_302,28.580461376917338,77.05976721140063,07:14:15,07:14:29
R3,R3_T14,303,Stop_303,28.618423302651216,77.09401524937395,07:21:33,07:21:47
R3,R3_T14,304,Stop_304,28.56220382348448,77.09951769101112,07:27:31,07:27:39
R3,R3_T14,305,Stop_305,28.553438852111523,77.14093204020787,07:33:38,07:33:52
R3,R3_T14,306,Stop_306,28.575877998160003,77.11625222843539,07:41:50,07:42:07
R3,R3_T14,307,Stop_307,28.58117110760894,77.10200680211777,07:46:26,07:46:46
R3,R3_T15,300,Stop_300,28.556505159298528,77.14488855372532,06:20:00,06:20:06
R3,R3_T15,301,Stop_301,28.64656320330746,77.13083973481164,06:29:41,06:29:59
R3,R3_T15,302,Stop_302,28.580461376917338,77.05976721140063,06:38:15,06:38:30
R3,R3_T15,303,Stop_303,28.618423302651216,77.09401524937395,06:45:39,06:45:52
R3,R3_T15,304,Stop_304,28.56220382348448,77.09951769101112,06:48:05,06:48:12
R3,R3_T15,305,Stop_305,28.553438852111523,77.14093204020787,06:52:09,06:52:14
R3,R3_T15,306,Stop_306,28.575877998160003,77.11625222843539,07:00:45,07:00:58
R3,R3_T15,307,Stop_307,28.58117110760894,77.10200680211777,07:07:53,07:07:59
R3,R3_T16,300,Stop_300,28.556505159298528,77.14488855372532,06:44:00,06:44:20
R3,R3_T16,301,Stop_301,28.64656320330746,77.13083973481164,06:50:45,06:51:04
R3,R3_T16,302,Stop_302,28.580461376917338,77.05976721140063,07:00:53,07:01:06
R3,R3_T16,303,Stop_303,28.618423302651216,77.09401524937395,07:04:38,07:04:56
R3,R3_T16,304,Stop_304,28.56220382348448,77.09951769101112,07:12:21,07:12:41
R3,R3_T16,305,Stop_305,28.553438852111523,77.14093204020787,07:15:27,07:15:47
R3,R3_T16,306,Stop_306,28.575877998160003,77.11625222843539,07:20:45,07:21:03
R3,R3_T16,307,Stop_307,28.58117110760894,77.10200680211777,07:25:53,07:26:08
R3,R3_T17,300,Stop_300,28.556505159298528,77.14488855372532,06:26:00,06:26:10
R3,R3_T17,301,Stop_301,28.64656320330746,77.13083973481164,06:30:58,06:31:16
R3,R3_T17,302,Stop_302,28.580461376917338,77.05976721140063,06:39:11,06:39:31
R3,R3_T17,303,Stop_303,28.618423302651216,77.09401524937395,06:43:58,06:44:15
R3,R3_T17,304,Stop_304,28.56220382348448,77.09951769101112,06:53:11,06:53:17
R3,R3_T17,305,Stop_305,28.553438852111523,77.14093204020787,06:59:09,06:59:16
R3,R3_T17,306,Stop_306,28.575877998160003,77.11625222843539,07:03:57,07:04:10
R3,R3_T17,307,Stop_307,28.58117110760894,77.10200680211777,07:08:55,07:09:03
R3,R3_T18,300,Stop_300,28.556505159298528,77.14488855372532,07:43:00,07:43:05
R3,R3_T18,301,Stop_301,28.64656320330746,77.13083973481164,07:50:41,07:51:00
R3,R3_T18,302,Stop_302,28.580461376917338,77.05976721140063,07:56:31,07:56:37
R3,R3_T18,303,Stop_303,28.618423302651216,77.09401524937395,08:00:13,08:00:29
R3,R3_T18,304,Stop_304,28.56220382348448,77.09951769101112,08:07:47,08:08:07
R3,R3_T18,305,Stop_305,28.553438852111523,77.14093204020787,08:15:27,08:15:46
R3,R3_T18,306,Stop_306,28.575877998160003,77.11625222843539,08:24:15,08:24:21
R3,R3_T18,307,Stop_307,28.58117110760894,77.10200680211777,08:28:05,08:28:18
R3,R3_T19,300,Stop_300,28.556505159298528,77.14488855372532,06:33:00,06:33:14
R3,R3_T19,301,Stop_301,28.64656320330746,77.13083973481164,06:38:58,06:39:18
R3,R3_T19,302,Stop_302,28.580461376917338,77.05976721140063,06:42:20,06:42:25
R3,R3_T19,303,Stop_303,28.618423302651216,77.09401524937395,06:49:47,06:49:59
R3,R3_T19,304,Stop_304,28.56220382348448,77.09951769101112,06:58:02,06:58:12
R3,R3_T19,305,Stop_305,28.553438852111523,77.14093204020787,07:02:51,07:02:56
R3,R3_T19,306,Stop_306,28.575877998160003,77.11625222843539,07:09:38,07:09:56
R3,R3_T19,307,Stop_307,28.58117110760894,77.10200680211777,07:12:43,07:12:55
R4,R4_T0,400,Stop_400,28.60467102793433,77.06848544555255,06:29:00,06:29:19
R4,R4_T0,401,Stop_401,28.646958462776457,77.12751328233611,06:32:19,06:32:28
R4,R4_T0,402,Stop_402,28.64394989415642,77.13948273504276,06:38:43,06:38:57
R4,R4_T0,403,Stop_403,28.60978999788111,77.1421874235023,06:45:17,06:45:30
R4,R4_T0,404,Stop_404,28.558849250205192,77.06959828624191,06:51:02,06:51:22
R4,R4_T0,405,Stop_405,28.554522728891055,77.08253303307632,06:57:23,06:57:35
R4,R4_T0,406,Stop_406,28.58886772896895,77.07713490317738,07:03:28,07:03:37
R4,R4_T0,407,Stop_407,28.632873750915195,77.08567533266935,07:08:53,07:09:04
R4,R4_T1,400,Stop_400,28.60467102793433,77.06848544555255,08:33:00,08:33:09
R4,R4_T1,401,Stop_401,28.646958462776457,77.12751328233611,08:42:31,08:42:38
R4,R4_T1,402,Stop_402,28.64394989415642,77.13948273504276,08:46:59,08:47:17
R4,R4_T1,403,Stop_403,28.60978999788111,77.1421874235023,08:52:11,08:52:24
R4,R4_T1,404,Stop_404,28.558849250205192,77.06959828624191,09:01:24,09:01:29
R4,R4_T1,405,Stop_405,28.554522728891055,77.08253303307632,09:05:53,09:06:07
R4,R4_T1,406,Stop_406,28.58886772896895,77.07713490317738,09:15:15,09:15:35
R4,R4_T1,407,Stop_407,28.632873750915195,77.08567533266935,09:24:58,09:25:07
R4,R4_T2,400,Stop_400,28.60467102793433,77.06848544555255,08:17:00,08:17:20
R4,R4_T2,401,Stop_401,28.646958462776457,77.12751328233611,08:22:16,08:22:31
R4,R4_T2,402,Stop_402,28.64394989415642,77.13948273504276,08:29:13,08:29:30
R4,R4_T2,403,Stop_403,28.60978999788111,77.1421874235023,08:35:23,08:35:38
R4,R4_T2,404,Stop_404,28.558849250205192,77.06959828624191,08:45:03,08:45:14
R4,R4_T2,405,Stop_405,28.554522728891055,77.08253303307632,08:53:11,08:53:23
R4,R4_T2,406,Stop_406,28.58886772896895,77.07713490317738,09:00:15,09:00:32
R4,R4_T2,407,Stop_407,28.632873750915195,77.08567533266935,09:04:31,09:04:49
R4,R4_T3,400,Stop_400,28.60467102793433,77.06848544555255,07:21:00,07:21:20
R4,R4_T3,401,Stop_401,28.646958462776457,77.12751328233611,07:29:21,07:29:38
R4,R4_T3,402,Stop_402,28.64394989415642,77.13948273504276,07:34:55,07:35:04
R4,R4_T3,403,Stop_403,28.60978999788111,77.1421874235023,07:41:17,07:41:23
R4,R4_T3,404,Stop_404,28.558849250205192,77.06959828624191,07:44:27,07:44:42
R4,R4_T3,405,Stop_405,28.554522728891055,77.08253303307632,07:54:07,07:54:15
R4,R4_T3,406,Stop_406,28.58886772896895,77.07713490317738,08:03:42,08:04:01
R4,R4_T3,407,Stop_407,28.632873750915195,77.08567533266935,08:06:52,08:07:11
R4,R4_T4,400,Stop_400,28.60467102793433,77.06848544555255,06:36:00,06:36:18
R4,R4_T4,401,Stop_401,28.646958462776457,77.12751328233611,06:45:43,06:45:52
R4,R4_T4,402,Stop_402,28.64394989415642,77.13948273504276,06:48:30,06:48:50
R4,R4_T4,403,Stop_403,28.60978999788111,77.1421874235023,06:57:30,06:57:43
R4,R4_T4,404,Stop_404,28.558849250205192,77.06959828624191,07:02:36,07:02:53
R4,R4_T4,405,Stop_405,28.554522728891055,77.08253303307632,07:10:25,07:10:32
R4,R4_T4,406,Stop_406,28.58886772896895,77.07713490317738,07:19:48,07:20:03
R4,R4_T4,407,Stop_407,28.632873750915195,77.08567533266935,07:29:19,07:29:36
R4,R4_T5,400,Stop_400,28.60467102793433,77.06848544555255,08:40:00,08:40:20
R4,R4_T5,401,Stop_401,28.646958462776457,77.12751328233611,08:49:46,08:49:52
R4,R4_T5,402,Stop_402,28.64394989415642,77.13948273504276,08:57:08,08:57:15
R4,R4_T5,403,Stop_403,28.60978999788111,77.1421874235023,09:01:15,09:01:29
R4,R4_T5,404,Stop_404,28.558849250205192,77.06959828624191,09:05:25,09:05:32
R4,R4_T5,405,Stop_405,28.554522728891055,77.08253303307632,09:11:14,09:11:22
R4,R4_T5,406,Stop_406,28.58886772896895,77.07713490317738,09:19:51,09:19:59
R4,R4_T5,407,Stop_407,28.632873750915195,77.08567533266935,09:25:46,09:25:56
R4,R4_T6,400,Stop_400,28.60467102793433,77.06848544555255,07:16:00,07:16:05
R4,R4_T6,401,Stop_401,28.646958462776457,77.12751328233611,07:18:28,07:18:43
R4,R4_T6,402,Stop_402,28.64394989415642,77.13948273504276,07:27:30,07:27:36
R4,R4_T6,403,Stop_403,28.60978999788111,77.1421874235023,07:32:06,07:32:22
R4,R4_T6,404,Stop_404,28.558849250205192,77.06959828624191,07:37:33,07:37:51
R4,R4_T6,405,Stop_405,28.554522728891055,77.08253303307632,07:41:05,07:41:17
R4,R4_T6,406,Stop_406,28.58886772896895,77.07713490317738,07:47:48,07:48:06
R4,R4_T6,407,Stop_407,28.632873750915195,77.08567533266935,07:54:55,07:55:05
R4,R4_T7,400,Stop_400,28.60467102793433,77.06848544555255,06:44:00,06:44:07
R4,R4_T7,401,Stop_401,28.646958462776457,77.12751328233611,06:51:19,06:51:36
R4,R4_T7,402,Stop_402,28.64394989415642,77.13948273504276,06:58:53,06:59:05
R4,R4_T7,403,Stop_403,28.60978999788111,77.1421874235023,07:05:19,07:05:28
R4,R4_T7,404,Stop_404,28.558849250205192,77.06959828624191,07:09:26,07:09:45
R4,R4_T7,405,Stop_405,28.554522728891055,77.08253303307632,07:17:11,07:17:24
R4,R4_T7,406,Stop_406,28.58886772896895,77.07713490317738,07:23:19,07:23:32
R4,R4_T7,407,Stop_407,28.632873750915195,77.08567533266935,07:31:13,07:31:18
R4,R4_T8,400,Stop_400,28.60467102793433,77.06848544555255,07:59:00,07:59:14
R4,R4_T8,401,Stop_401,28.646958462776457,77.12751328233611,08:07:00,08:07:10
R4,R4_T8,402,Stop_402,28.64394989415642,77.13948273504276,08:09:47,08:10:06
R4,R4_T8,403,Stop_403,28.60978999788111,77.1421874235023,08:15:02,08:15:16
R4,R4_T8,404,Stop_404,28.558849250205192,77.06959828624191,08:22:43,08:23:01
R4,R4_T8,405,Stop_405,28.554522728891055,77.08253303307632,08:30:54,08:31:07
R4,R4_T8,406,Stop_406,28.58886772896895,77.07713490317738,08:37:00,08:37:14
R4,R4_T8,407,Stop_407,28.632873750915195,77.08567533266935,08:40:55,08:41:12
R4,R4_T9,400,Stop_400,28.60467102793433,77.06848544555255,08:03:00,08:03:08
R4,R4_T9,401,Stop_401,28.646958462776457,77.12751328233611,08:07:09,08:07:26
R4,R4_T9,402,Stop_402,28.64394989415642,77.13948273504276,08:14:18,08:14:34
R4,R4_T9,403,Stop_403,28.60978999788111,77.1421874235023,08:21:28,08:21:42
R4,R4_T9,404,Stop_404,28.558849250205192,77.06959828624191,08:29:40,08:29:54
R4,R4_T9,405,Stop_405,28.554522728891055,77.08253303307632,08:32:05,08:32:22
R4,R4_T9,406,Stop_406,28.58886772896895,77.07713490317738,08:36:42,08:36:47
R4,R4_T9,407,Stop_407,28.632873750915195,77.08567533266935,08:43:36,08:43:42
R4,R4_T10,400,Stop_400,28.60467102793433,77.06848544555255,08:35:00,08:35:20
R4,R4_T10,401,Stop_401,28.646958462776457,77.12751328233611,08:44:26,08:44:40
R4,R4_T10,402,Stop_402,28.64394989415642,77.13948273504276,08:53:17,08:53:29
R4,R4_T10,403,Stop_403,28.60978999788111,77.1421874235023,09:00:39,09:00:55
R4,R4_T10,404,Stop_404,28.558849250205192,77.06959828624191,09:04:47,09:04:58
R4,R4_T10,405,Stop_405,28.554522728891055,77.08253303307632,09:12:15,09:12:28
R4,R4_T10,406,Stop_406,28.58886772896895,77.07713490317738,09:20:15,09:20:24
R4,R4_T10,407,Stop_407,28.632873750915195,77.08567533266935,09:27:45,09:27:53
R4,R4_T11,400,Stop_400,28.60467102793433,77.06848544555255,08:40:00,08:40:06
R4,R4_T11,401,Stop_401,28.646958462776457,77.12751328233611,08:44:44,08:45:03
R4,R4_T11,402,Stop_402,28.64394989415642,77.13948273504276,08:47:20,08:47:36
R4,R4_T11,403,Stop_403,28.60978999788111,77.1421874235023,08:55:50,08:55:59
R4,R4_T11,404,Stop_404,28.558849250205192,77.06959828624191,08:58:45,08:58:59
R4,R4_T11,405,Stop_405,28.554522728891055,77.08253303307632,09:03:46,09:04:04
R4,R4_T11,406,Stop_406,28.58886772896895,77.07713490317738,09:07:33,09:07:44
R4,R4_T11,407,Stop_407,28.632873750915195,77.08567533266935,09:10:51,09:11:07
R4,R4_T12,400,Stop_400,28.60467102793433,77.06848544555255,08:08:00,08:08:13
R4,R4_T12,401,Stop_401,28.646958462776457,77.12751328233611,08:17:18,08:17:28
R4,R4_T12,402,Stop_402,28.64394989415642,77.13948273504276,08:21:39,08:21:59
R4,R4_T12,403,Stop_403,28.60978999788111,77.1421874235023,08:30:51,08:31:05
R4,R4_T12,404,Stop_404,28.558849250205192,77.06959828624191,08:39:27,08:39:42
R4,R4_T12,405,Stop_405,28.554522728891055,77.08253303307632,08:48:33,08:48:41
R4,R4_T12,406,Stop_406,28.58886772896895,77.07713490317738,08:54:40,08:54:47
R4,R4_T12,407,Stop_407,28.632873750915195,77.08567533266935,08:57:59,08:58:11
R4,R4_T13,400,Stop_400,28.60467102793433,77.06848544555255,08:53:00,08:53:17
R4,R4_T13,401,Stop_401,28.646958462776457,77.12751328233611,09:02:30,09:02:46
R4,R4_T13,402,Stop_402,28.64394989415642,77.13948273504276,09:05:32,09:05:49
R4,R4_T13,403,Stop_403,28.60978999788111,77.1421874235023,09:07:56,09:08:09
R4,R4_T13,404,Stop_404,28.558849250205192,77.06959828624191,09:14:43,09:14:51
R4,R4_T13,405,Stop_405,28.554522728891055,77.08253303307632,09:20:43,09:20:59
R4,R4_T13,406,Stop_406,28.58886772896895,77.07713490317738,09:28:43,09:28:56
R4,R4_T13,407,Stop_407,28.632873750915195,77.08567533266935,09:35:55,09:36:12
R4,R4_T14,400,Stop_400,28.60467102793433,77.06848544555255,08:43:00,08:43:16
R4,R4_T14,401,Stop_401,28.646958462776457,77.12751328233611,08:46:11,08:46:23
R4,R4_T14,402,Stop_402,28.64394989415642,77.13948273504276,08:52:24,08:52:29
R4,R4_T14,403,Stop_403,28.60978999788111,77.1421874235023,08:59:46,09:00:01
R4,R4_T14,404,Stop_404,28.558849250205192,77.06959828624191,09:09:49,09:10:01
R4,R4_T14,405,Stop_405,28.554522728891055,77.08253303307632,09:17:32,09:17:39
R4,R4_T14,406,Stop_406,28.58886772896895,77.07713490317738,09:25:04,09:25:23
R4,R4_T14,407,Stop_407,28.632873750915195,77.08567533266935,09:35:08,09:35:22
R4,R4_T15,400,Stop_400,28.60467102793433,77.06848544555255,07:44:00,07:44:08
R4,R4_T15,401,Stop_401,28.646958462776457,77.12751328233611,07:47:19,07:47:25
R4,R4_T15,402,Stop_402,28.64394989415642,77.13948273504276,07:49:44,07:49:58
R4,R4_T15,403,Stop_403,28.60978999788111,77.1421874235023,07:56:10,07:56:18
R4,R4_T15,404,Stop_404,28.558849250205192,77.06959828624191,07:59:07,07:59:19
R4,R4_T15,405,Stop_405,28.554522728891055,77.08253303307632,08:08:53,08:09:02
R4,R4_T15,406,Stop_406,28.58886772896895,77.07713490317738,08:14:20,08:14:39
R4,R4_T15,407,Stop_407,28.632873750915195,77.08567533266935,08:19:48,08:20:06
R4,R4_T16,400,Stop_400,28.60467102793433,77.06848544555255,06:39:00,06:39:18
R4,R4_T16,401,Stop_401,28.646958462776457,77.12751328233611,06:46:53,06:47:01
R4,R4_T16,402,Stop_402,28.64394989415642,77.13948273504276,06:56:07,06:56:27
R4,R4_T16,403,Stop_403,28.60978999788111,77.1421874235023,07:03:42,07:04:00
R4,R4_T16,404,Stop_404,28.558849250205192,77.06959828624191,07:14:00,07:14:13
R4,R4_T16,405,Stop_405,28.554522728891055,77.08253303307632,07:16:29,07:16:45
R4,R4_T16,406,Stop_406,28.58886772896895,77.07713490317738,07:20:36,07:20:55
R4,R4_T16,407,Stop_407,28.632873750915195,77.08567533266935,07:26:42,07:26:54
R4,R4_T17,400,Stop_400,28.60467102793433,77.06848544555255,07:32:00,07:32:08
R4,R4_T17,401,Stop_401,28.646958462776457,77.12751328233611,07:39:59,07:40:15
R4,R4_T17,402,Stop_402,28.64394989415642,77.13948273504276,07:46:53,07:47:09
R4,R4_T17,403,Stop_403,28.60978999788111,77.1421874235023,07:49:40,07:49:57
R4,R4_T17,404,Stop_404,28.558849250205192,77.06959828624191,07:54:18,07:54:29
R4,R4_T17,405,Stop_405,28.554522728891055,77.08253303307632,07:57:31,07:57:50
R4,R4_T17,406,Stop_406,28.58886772896895,77.07713490317738,08:00:36,08:00:47
R4,R4_T17,407,Stop_407,28.632873750915195,77.08567533266935,08:08:15,08:08:20
R4,R4_T18,400,Stop_400,28.60467102793433,77.06848544555255,07:25:00,07:25:12
R4,R4_T18,401,Stop_401,28.646958462776457,77.12751328233611,07:28:16,07:28:27
R4,R4_T18,402,Stop_402,28.64394989415642,77.13948273504276,07:31:02,07:31:13
R4,R4_T18,403,Stop_403,28.60978999788111,77.1421874235023,07:38:13,07:38:24
R4,R4_T18,404,Stop_404,28.558849250205192,77.06959828624191,07:47:20,07:47:32
R4,R4_T18,405,Stop_405,28.554522728891055,77.08253303307632,07:52:20,07:52:29
R4,R4_T18,406,Stop_406,28.58886772896895,77.07713490317738,08:01:12,08:01:17
R4,R4_T18,407,Stop_407,28.632873750915195,77.08567533266935,08:05:38,08:05:47
R4,R4_T19,400,Stop_400,28.60467102793433,77.06848544555255,08:18:00,08:18:13
R4,R4_T19,401,Stop_401,28.646958462776457,77.12751328233611,08:27:01,08:27:11
R4,R4_T19,402,Stop_402,28.64394989415642,77.13948273504276,08:30:07,08:30:12
R4,R4_T19,403,Stop_403,28.60978999788111,77.1421874235023,08:33:19,08:33:24
R4,R4_T19,404,Stop_404,28.558849250205192,77.06959828624191,08:38:27,08:38:39
R4,R4_T19,405,Stop_405,28.554522728891055,77.08253303307632,08:45:40,08:45:55
R4,R4_T19,406,Stop_406,28.58886772896895,77.07713490317738,08:48:03,08:48:13
R4,R4_T19,407,Stop_407,28.632873750915195,77.08567533266935,08:52:28,08:52:34
R5,R5_T0,500,Stop_500,28.57809345096874,77.10426960831582,07:47:00,07:47:08
R5,R5_T0,501,Stop_501,28.564092422497477,77.1302196980754,07:55:29,07:55:36
R5,R5_T0,502,Stop_502,28.55745506436798,77.14868869366005,08:01:39,08:01:58
R5,R5_T0,503,Stop_503,28.627224476929666,77.06987156815342,08:10:36,08:10:52
R5,R5_T0,504,Stop_504,28.55055221171236,77.13154614284548,08:17:14,08:17:22
R5,R5_T0,505,Stop_505,28.620685734384764,77.1229007168041,08:23:13,08:23:25
R5,R5_T0,506,Stop_506,28.627127034668597,77.0574044651734,08:30:39,08:30:45
R5,R5_T0,507,Stop_507,28.58584657285443,77.06158690595251,08:38:57,08:39:11
R5,R5_T1,500,Stop_500,28.57809345096874,77.10426960831582,08:44:00,08:44:05
R5,R5_T1,501,Stop_501,28.564092422497477,77.1302196980754,08:46:36,08:46:56
R5,R5_T1,502,Stop_502,28.55745506436798,77.14868869366005,08:56:09,08:56:26
R5,R5_T1,503,Stop_503,28.627224476929666,77.06987156815342,09:02:04,09:02:12
R5,R5_T1,504,Stop_504,28.55055221171236,77.13154614284548,09:08:23,09:08:42
R5,R5_T1,505,Stop_505,28.620685734384764,77.1229007168041,09:11:19,09:11:26
R5,R5_T1,506,Stop_506,28.627127034668597,77.0574044651734,09:16:10,09:16:19
R5,R5_T1,507,Stop_507,28.58584657285443,77.06158690595251,09:18:52,09:19:01
R5,R5_T2,500,Stop_500,28.57809345096874,77.10426960831582,08:39:00,08:39:15
R5,R5_T2,501,Stop_501,28.564092422497477,77.1302196980754,08:44:30,08:44:44
R5,R5_T2,502,Stop_502,28.55745506436798,77.14868869366005,08:50:36,08:50:54
R5,R5_T2,503,Stop_503,28.627224476929666,77.06987156815342,08:53:44,08:53:52
R5,R5_T2,504,Stop_504,28.55055221171236,77.13154614284548,09:03:08,09:03:19
R5,R5_T2,505,Stop_505,28.620685734384764,77.1229007168041,09:08:59,09:09:18
R5,R5_T2,506,Stop_506,28.627127034668597,77.0574044651734,09:18:52,09:19:04
R5,R5_T2,507,Stop_507,28.58584657285443,77.06158690595251,09:24:35,09:24:50
R5,R5_T3,500,Stop_500,28.57809345096874,77.10426960831582,07:56:00,07:56:17
R5,R5_T3,501,Stop_501,28.564092422497477,77.1302196980754,08:01:49,08:01:57
R5,R5_T3,502,Stop_502,28.55745506436798,77.14868869366005,08:06:37,08:06:55
R5,R5_T3,503,Stop_503,28.627224476929666,77.06987156815342,08:11:35,08:11:48
R5,R5_T3,504,Stop_504,28.55055221171236,77.13154614284548,08:16:59,08:17:08
R5,R5_T3,505,Stop_505,28.620685734384764,77.1229007168041,08:24:59,08:25:19
R5,R5_T3,506,Stop_506,28.627127034668597,77.0574044651734,08:27:53,08:28:00
R5,R5_T3,507,Stop_507,28.58584657285443,77.06158690595251,08:37:05,08:37:12
R5,R5_T4,500,Stop_500,28.57809345096874,77.10426960831582,07:50:00,07:50:08
R5,R5_T4,501,Stop_501,28.564092422497477,77.1302196980754,07:58:29,07:58:45
R5,R5_T4,502,Stop_502,28.55745506436798,77.14868869366005,08:07:40,08:07:49
R5,R5_T4,503,Stop_503,28.627224476929666,77.06987156815342,08:14:33,08:14:39
R5,R5_T4,504,Stop_504,28.55055221171236,77.13154614284548,08:21:39,08:21:54
R5,R5_T4,505,Stop_505,28.620685734384764,77.1229007168041,08:29:37,08:29:45
R5,R5_T4,506,Stop_506,28.627127034668597,77.0574044651734,08:35:15,08:35:31
R5,R5_T4,507,Stop_507,28.58584657285443,77.06158690595251,08:44:58,08:45:16
R5,R5_T5,500,Stop_500,28.57809345096874,77.10426960831582,06:13:00,06:13:14
R5,R5_T5,501,Stop_501,28.564092422497477,77.1302196980754,06:20:21,06:20:35
R5,R5_T5,502,Stop_502,28.55745506436798,77.14868869366005,06:25:35,06:25:43
R5,R5_T5,503,Stop_503,28.627224476929666,77.06987156815342,06:32:38,06:32:49
R5,R5_T5,504,Stop_504,28.55055221171236,77.13154614284548,06:36:08,06:36:28
R5,R5_T5,505,Stop_505,28.620685734384764,77.1229007168041,06:40:22,06:40:30
R5,R5_T5,506,Stop_506,28.627127034668597,77.0574044651734,06:45:29,06:45:45
R5,R5_T5,507,Stop_507,28.58584657285443,77.06158690595251,06:48:43,06:48:56
R5,R5_T6,500,Stop_500,28.57809345096874,77.10426960831582,06:57:00,06:57:18
R5,R5_T6,501,Stop_501,28.564092422497477,77.1302196980754,07:06:30,07:06:35
R5,R5_T6,502,Stop_502,28.55745506436798,77.14868869366005,07:13:46,07:13:59
R5,R5_T6,503,Stop_503,28.627224476929666,77.06987156815342,07:16:13,07:16:23
R5,R5_T6,504,Stop_504,28.55055221171236,77.13154614284548,07:20:42,07:20:56
R5,R5_T6,505,Stop_505,28.620685734384764,77.1229007168041,07:30:47,07:31:02
R5,R5_T6,506,Stop_506,28.627127034668597,77.0574044651734,07:36:01,07:36:06
R5,R5_T6,507,Stop_507,28.58584657285443,77.06158690595251,07:39:38,07:39:47
R5,R5_T7,500,Stop_500,28.57809345096874,77.10426960831582,08:48:00,08:48:17
R5,R5_T7,501,Stop_501,28.564092422497477,77.1302196980754,08:50:52,08:51:01
R5,R5_T7,502,Stop_502,28.55745506436798,77.14868869366005,08:59:20,08:59:25
R5,R5_T7,503,Stop_503,28.627224476929666,77.06987156815342,09:02:11,09:02:22
R5,R5_T7,504,Stop_504,28.55055221171236,77.13154614284548,09:07:34,09:07:52
R5,R5_T7,505,Stop_505,28.620685734384764,77.1229007168041,09:13:44,09:13:59
R5,R5_T7,506,Stop_506,28.627127034668597,77.0574044651734,09:17:19,09:17:35
R5,R5_T7,507,Stop_507,28.58584657285443,77.06158690595251,09:22:14,09:22:29
R5,R5_T8,500,Stop_500,28.57809345096874,77.10426960831582,08:25:00,08:25:07
R5,R5_T8,501,Stop_501,28.564092422497477,77.1302196980754,08:34:39,08:34:45
R5,R5_T8,502,Stop_502,28.55745506436798,77.14868869366005,08:38:04,08:38:14
R5,R5_T8,503,Stop_503,28.627224476929666,77.06987156815342,08:46:40,08:46:46
R5,R5_T8,504,Stop_504,28.55055221171236,77.13154614284548,08:54:31,08:54:38
R5,R5_T8,505,Stop_505,28.620685734384764,77.1229007168041,08:58:57,08:59:16
R5,R5_T8,506,Stop_506,28.627127034668597,77.0574044651734,09:06:54,09:07:12
R5,R5_T8,507,Stop_507,28.58584657285443,77.06158690595251,09:13:20,09:13:39
R5,R5_T9,500,Stop_500,28.57809345096874,77.10426960831582,07:09:00,07:09:11
R5,R5_T9,501,Stop_501,28.564092422497477,77.1302196980754,07:17:37,07:17:45
R5,R5_T9,502,Stop_502,28.55745506436798,77.14868869366005,07:22:41,07:22:59
R5,R5_T9,503,Stop_503,28.627224476929666,77.06987156815342,07:25:55,07:26:09
R5,R5_T9,504,Stop_504,28.55055221171236,77.13154614284548,07:33:56,07:34:16
R5,R5_T9,505,Stop_505,28.620685734384764,77.1229007168041,07:40:45,07:40:59
R5,R5_T9,506,Stop_506,28.627127034668597,77.0574044651734,07:43:22,07:43:34
R5,R5_T9,507,Stop_507,28.58584657285443,77.06158690595251,07:48:56,07:49:02
R5,R5_T10,500,Stop_500,28.57809345096874,77.10426960831582,06:52:00,06:52:14
R5,R5_T10,501,Stop_501,28.564092422497477,77.1302196980754,06:56:02,06:56:11
R5,R5_T10,502,Stop_502,28.55745506436798,77.14868869366005,07:04:42,07:04:55
R5,R5_T10,503,Stop_503,28.627224476929666,77.06987156815342,07:09:23,07:09:38
R5,R5_T10,504,Stop_504,28.55055221171236,77.13154614284548,07:12:39,07:12:44
R5,R5_T10,505,Stop_505,28.620685734384764,77.1229007168041,07:18:58,07:19:16
R5,R5_T10,506,Stop_506,28.627127034668597,77.0574044651734,07:22:45,07:22:54
R5,R5_T10,507,Stop_507,28.58584657285443,77.06158690595251,07:28:08,07:28:20
R5,R5_T11,500,Stop_500,28.57809345096874,77.10426960831582,08:23:00,08:23:16
R5,R5_T11,501,Stop_501,28.564092422497477,77.1302196980754,08:25:52,08:26:09
R5,R5_T11,502,Stop_502,28.55745506436798,77.14868869366005,08:35:30,08:35:36
R5,R5_T11,503,Stop_503,28.627224476929666,77.06987156815342,08:41:19,08:41:24
R5,R5_T11,504,Stop_504,28.55055221171236,77.13154614284548,08:47:19,08:47:26
R5,R5_T11,505,Stop_505,28.620685734384764,77.1229007168041,08:56:47,08:57:02
R5,R5_T11,506,Stop_506,28.627127034668597,77.0574044651734,09:03:56,09:04:14
R5,R5_T11,507,Stop_507,28.58584657285443,77.06158690595251,09:11:07,09:11:24
R5,R5_T12,500,Stop_500,28.57809345096874,77.10426960831582,08:43:00,08:43:18
R5,R5_T12,501,Stop_501,28.564092422497477,77.1302196980754,08:47:46,08:47:54
R5,R5_T12,502,Stop_502,28.55745506436798,77.14868869366005,08:53:21,08:53:26
R5,R5_T12,503,Stop_503,28.627224476929666,77.06987156815342,08:58:12,08:58:22
R5,R5_T12,504,Stop_504,28.55055221171236,77.13154614284548,09:07:12,09:07:31
R5,R5_T12,505,Stop_505,28.620685734384764,77.1229007168041,09:16:36,09:16:52
R5,R5_T12,506,Stop_506,28.627127034668597,77.0574044651734,09:19:37,09:19:55
R5,R5_T12,507,Stop_507,28.58584657285443,77.06158690595251,09:29:07,09:29:15
R5,R5_T13,500,Stop_500,28.57809345096874,77.10426960831582,07:51:00,07:51:17
R5,R5_T13,501,Stop_501,28.564092422497477,77.1302196980754,07:57:45,07:57:52
R5,R5_T13,502,Stop_502,28.55745506436798,77.14868869366005,08:03:14,08:03:28
R5,R5_T13,503,Stop_503,28.627224476929666,77.06987156815342,08:11:49,08:12:04
R5,R5_T13,504,Stop_504,28.55055221171236,77.13154614284548,08:15:57,08:16:12
R5,R5_T13,505,Stop_505,28.620685734384764,77.1229007168041,08:24:50,08:25:00
R5,R5_T13,506,Stop_506,28.627127034668597,77.0574044651734,08:27:39,08:27:47
R5,R5_T13,507,Stop_507,28.58584657285443,77.06158690595251,08:34:18,08:34:29
R5,R5_T14,500,Stop_500,28.57809345096874,77.10426960831582,07:29:00,07:29:16
R5,R5_T14,501,Stop_501,28.564092422497477,77.1302196980754,07:37:28,07:37:37
R5,R5_T14,502,Stop_502,28.55745506436798,77.14868869366005,07:41:37,07:41:45
R5,R5_T14,503,Stop_503,28.627224476929666,77.06987156815342,07:44:59,07:45:12
R5,R5_T14,504,Stop_504,28.55055221171236,77.13154614284548,07:48:53,07:49:03
R5,R5_T14,505,Stop_505,28.620685734384764,77.1229007168041,07:56:11,07:56:20
R5,R5_T14,506,Stop_506,28.627127034668597,77.0574044651734,08:04:49,08:04:56
R5,R5_T14,507,Stop_507,28.58584657285443,77.06158690595251,08:08:26,08:08:46
R5,R5_T15,500,Stop_500,28.57809345096874,77.10426960831582,08:24:00,08:24:19
R5,R5_T15,501,Stop_501,28.564092422497477,77.1302196980754,08:32:07,08:32:22
R5,R5_T15,502,Stop_502,28.55745506436798,77.14868869366005,08:41:44,08:41:59
R5,R5_T15,503,Stop_503,28.627224476929666,77.06987156815342,08:45:16,08:45:35
R5,R5_T15,504,Stop_504,28.55055221171236,77.13154614284548,08:48:09,08:48:29
R5,R5_T15,505,Stop_505,28.620685734384764,77.1229007168041,08:54:15,08:54:29
R5,R5_T15,506,Stop_506,28.627127034668597,77.0574044651734,09:03:16,09:03:29
R5,R5_T15,507,Stop_507,28.58584657285443,77.06158690595251,09:10:31,09:10:37
R5,R5_T16,500,Stop_500,28.57809345096874,77.10426960831582,08:09:00,08:09:07
R5,R5_T16,501,Stop_501,28.564092422497477,77.1302196980754,08:13:45,08:14:04
R5,R5_T16,502,Stop_502,28.55745506436798,77.14868869366005,08:19:55,08:20:01
R5,R5_T16,503,Stop_503,28.627224476929666,77.06987156815342,08:22:30,08:22:46
R5,R5_T16,504,Stop_504,28.55055221171236,77.13154614284548,08:31:51,08:32:05
R5,R5_T16,505,Stop_505,28.620685734384764,77.1229007168041,08:34:44,08:34:51
R5,R5_T16,506,Stop_506,28.627127034668597,77.0574044651734,08:42:05,08:42:22
R5,R5_T16,507,Stop_507,28.58584657285443,77.06158690595251,08:48:18,08:48:24
R5,R5_T17,500,Stop_500,28.57809345096874,77.10426960831582,08:26:00,08:26:11
R5,R5_T17,501,Stop_501,28.564092422497477,77.1302196980754,08:30:55,08:31:15
R5,R5_T17,502,Stop_502,28.55745506436798,77.14868869366005,08:37:31,08:37:40
R5,R5_T17,503,Stop_503,28.627224476929666,77.06987156815342,08:40:11,08:40:30
R5,R5_T17,504,Stop_504,28.55055221171236,77.13154614284548,08:43:22,08:43:37
R5,R5_T17,505,Stop_505,28.620685734384764,77.1229007168041,08:51:42,08:51:49
R5,R5_T17,506,Stop_506,28.627127034668597,77.0574044651734,08:58:07,08:58:17
R5,R5_T17,507,Stop_507,28.58584657285443,77.06158690595251,09:00:37,09:00:49
R5,R5_T18,500,Stop_500,28.57809345096874,77.10426960831582,07:52:00,07:52:19
R5,R5_T18,501,Stop_501,28.564092422497477,77.1302196980754,07:58:47,07:58:57
R5,R5_T18,502,Stop_502,28.55745506436798,77.14868869366005,08:04:03,08:04:19
R5,R5_T18,503,Stop_503,28.627224476929666,77.06987156815342,08:14:08,08:14:22
R5,R5_T18,504,Stop_504,28.55055221171236,77.13154614284548,08:19:40,08:19:58
R5,R5_T18,505,Stop_505,28.620685734384764,77.1229007168041,08:28:34,08:28:49
R5,R5_T18,506,Stop_506,28.627127034668597,77.0574044651734,08:36:36,08:36:42
R5,R5_T18,507,Stop_507,28.58584657285443,77.06158690595251,08:45:26,08:45:41
R5,R5_T19,500,Stop_500,28.57809345096874,77.10426960831582,07:24:00,07:24:08
R5,R5_T19,501,Stop_501,28.564092422497477,77.1302196980754,07:30:53,07:31:10
R5,R5_T19,502,Stop_502,28.55745506436798,77.14868869366005,07:35:35,07:35:48
R5,R5_T19,503,Stop_503,28.627224476929666,77.06987156815342,07:43:58,07:44:07
R5,R5_T19,504,Stop_504,28.55055221171236,77.13154614284548,07:48:57,07:49:04
R5,R5_T19,505,Stop_505,28.620685734384764,77.1229007168041,07:56:02,07:56:11
R5,R5_T19,506,Stop_506,28.627127034668597,77.0574044651734,08:06:00,08:06:16
R5,R5_T19,507,Stop_507,28.58584657285443,77.06158690595251,08:10:54,08:11:11
R6,R6_T0,600,Stop_600,28.63631034258756,77.11232981268275,08:32:00,08:32:07
R6,R6_T0,601,Stop_601,28.583089802485265,77.0563558350286,08:36:45,08:37:02
R6,R6_T0,602,Stop_602,28.581098232171566,77.08251833220267,08:44:31,08:44:46
R6,R6_T0,603,Stop_603,28.622960617833808,77.11375574713551,08:53:42,08:53:51
R6,R6_T0,604,Stop_604,28.638721274257634,77.09722149251618,09:01:34,09:01:41
R6,R6_T0,605,Stop_605,28.56195942459383,77.1213244787223,09:09:11,09:09:29
R6,R6_T0,606,Stop_606,28.62607850486169,77.10612771975694,09:15:49,09:16:05
R6,R6_T0,607,Stop_607,28.627096717995457,77.09937955963643,09:18:14,09:18:30
R6,R6_T1,600,Stop_600,28.63631034258756,77.11232981268275,06:46:00,06:46:11
R6,R6_T1,601,Stop_601,28.583089802485265,77.0563558350286,06:51:05,06:51:25
R6,R6_T1,602,Stop_602,28.581098232171566,77.08251833220267,06:55:03,06:55:15
R6,R6_T1,603,Stop_603,28.622960617833808,77.11375574713551,06:58:25,06:58:34
R6,R6_T1,604,Stop_604,28.638721274257634,77.09722149251618,07:01:13,07:01:27
R6,R6_T1,605,Stop_605,28.56195942459383,77.1213244787223,07:10:39,07:10:47
R6,R6_T1,606,Stop_606,28.62607850486169,77.10612771975694,07:17:06,07:17:12
R6,R6_T1,607,Stop_607,28.627096717995457,77.09937955963643,07:24:50,07:25:05
R6,R6_T2,600,Stop_600,28.63631034258756,77.11232981268275,08:38:00,08:38:09
R6,R6_T2,601,Stop_601,28.583089802485265,77.0563558350286,08:45:14,08:45:31
R6,R6_T2,602,Stop_602,28.581098232171566,77.08251833220267,08:48:49,08:48:59
R6,R6_T2,603,Stop_603,28.622960617833808,77.11375574713551,08:52:31,08:52:41
R6,R6_T2,604,Stop_604,28.638721274257634,77.09722149251618,09:00:50,09:01:09
R6,R6_T2,605,Stop_605,28.56195942459383,77.1213244787223,09:03:31,09:03:49
R6,R6_T2,606,Stop_606,28.62607850486169,77.10612771975694,09:08:55,09:09:07
R6,R6_T2,607,Stop_607,28.627096717995457,77.09937955963643,09:14:54,09:15:08
R6,R6_T3,600,Stop_600,28.63631034258756,77.11232981268275,07:54:00,07:54:12
R6,R6_T3,601,Stop_601,28.583089802485265,77.0563558350286,08:00:45,08:00:57
R6,R6_T3,602,Stop_602,28.581098232171566,77.08251833220267,08:05:35,08:05:55
R6,R6_T3,603,Stop_603,28.622960617833808,77.11375574713551,08:15:37,08:15:48
R6,R6_T3,604,Stop_604,28.638721274257634,77.09722149251618,08:20:56,08:21:15
R6,R6_T3,605,Stop_605,28.56195942459383,77.1213244787223,08:27:11,08:27:25
R6,R6_T3,606,Stop_606,28.62607850486169,77.10612771975694,08:36:03,08:36:20
R6,R6_T3,607,Stop_607,28.627096717995457,77.09937955963643,08:42:37,08:42:55
R6,R6_T4,600,Stop_600,28.63631034258756,77.11232981268275,06:51:00,06:51:09
R6,R6_T4,601,Stop_601,28.583089802485265,77.0563558350286,07:00:35,07:00:48
R6,R6_T4,602,Stop_602,28.581098232171566,77.08251833220267,07:03:14,07:03:34
R6,R6_T4,603,Stop_603,28.622960617833808,77.11375574713551,07:13:01,07:13:17
R6,R6_T4,604,Stop_604,28.638721274257634,77.09722149251618,07:20:00,07:20:08
R6,R6_T4,605,Stop_605,28.56195942459383,77.1213244787223,07:28:12,07:28:20
R6,R6_T4,606,Stop_606,28.62607850486169,77.10612771975694,07:32:45,07:32:52
R6,R6_T4,607,Stop_607,28.627096717995457,77.09937955963643,07:41:22,07:41:32
R6,R6_T5,600,Stop_600,28.63631034258756,77.11232981268275,07:55:00,07:55:09
R6,R6_T5,601,Stop_601,28.583089802485265,77.0563558350286,08:04:14,08:04:32
R6,R6_T5,602,Stop_602,28.581098232171566,77.08251833220267,08:07:18,08:07:30
R6,R6_T5,603,Stop_603,28.622960617833808,77.11375574713551,08:16:28,08:16:47
R6,R6_T5,604,Stop_604,28.638721274257634,77.09722149251618,08:26:19,08:26:35
R6,R6_T5,605,Stop_605,28.56195942459383,77.1213244787223,08:36:31,08:36:36
R6,R6_T5,606,Stop_606,28.62607850486169,77.10612771975694,08:42:08,08:42:14
R6,R6_T5,607,Stop_607,28.627096717995457,77.09937955963643,08:47:36,08:47:52
R6,R6_T6,600,Stop_600,28.63631034258756,77.11232981268275,07:38:00,07:38:07
R6,R6_T6,601,Stop_601,28.583089802485265,77.0563558350286,07:43:18,07:43:30
R6,R6_T6,602,Stop_602,28.581098232171566,77.08251833220267,07:45:44,07:45:59
R6,R6_T6,603,Stop_603,28.622960617833808,77.11375574713551,07:55:55,07:56:03
R6,R6_T6,604,Stop_604,28.638721274257634,77.09722149251618,08:05:12,08:05:27
R6,R6_T6,605,Stop_605,28.56195942459383,77.1213244787223,08:14:12,08:14:21
R6,R6_T6,606,Stop_606,28.62607850486169,77.10612771975694,08:17:31,08:17:37
R6,R6_T6,607,Stop_607,28.627096717995457,77.09937955963643,08:22:03,08:22:23
R6,R6_T7,600,Stop_600,28.63631034258756,77.11232981268275,06:35:00,06:35:20
R6,R6_T7,601,Stop_601,28.583089802485265,77.0563558350286,06:41:09,06:41:14
R6,R6_T7,602,Stop_602,28.581098232171566,77.08251833220267,06:50:57,06:51:04
R6,R6_T7,603,Stop_603,28.622960617833808,77.11375574713551,06:53:13,06:53:26
R6,R6_T7,604,Stop_604,28.638721274257634,77.09722149251618,06:57:16,06:57:25
R6,R6_T7,605,Stop_605,28.56195942459383,77.1213244787223,07:04:05,07:04:23
R6,R6_T7,606,Stop_606,28.62607850486169,77.10612771975694,07:07:19,07:07:33
R6,R6_T7,607,Stop_607,28.627096717995457,77.09937955963643,07:11:34,07:11:48
R6,R6_T8,600,Stop_600,28.63631034258756,77.11232981268275,06:12:00,06:12:12
R6,R6_T8,601,Stop_601,28.583089802485265,77.0563558350286,06:17:46,06:18:05
R6,R6_T8,602,Stop_602,28.581098232171566,77.08251833220267,06:20:37,06:20:45
R6,R6_T8,603,Stop_603,28.622960617833808,77.11375574713551,06:29:53,06:30:13
R6,R6_T8,604,Stop_604,28.638721274257634,77.09722149251618,06:37:18,06:37:23
R6,R6_T8,605,Stop_605,28.56195942459383,77.1213244787223,06:44:46,06:44:58
R6,R6_T8,606,Stop_606,28.62607850486169,77.10612771975694,06:53:05,06:53:14
R6,R6_T8,607,Stop_607,28.627096717995457,77.09937955963643,06:57:43,06:58:01
R6,R6_T9,600,Stop_600,28.63631034258756,77.11232981268275,08:37:00,08:37:16
R6,R6_T9,601,Stop_601,28.583089802485265,77.0563558350286,08:41:19,08:41:37
R6,R6_T9,602,Stop_602,28.581098232171566,77.08251833220267,08:45:12,08:45:19
R6,R6_T9,603,Stop_603,28.622960617833808,77.11375574713551,08:51:47,08:52:03
R6,R6_T9,604,Stop_604,28.638721274257634,77.09722149251618,08:54:37,08:54:42
R6,R6_T9,605,Stop_605,28.56195942459383,77.1213244787223,09:00:01,09:00:21
R6,R6_T9,606,Stop_606,28.62607850486169,77.10612771975694,09:02:43,09:03:00
R6,R6_T9,607,Stop_607,28.627096717995457,77.09937955963643,09:08:11,09:08:24
R6,R6_T10,600,Stop_600,28.63631034258756,77.11232981268275,06:04:00,06:04:16
R6,R6_T10,601,Stop_601,28.583089802485265,77.0563558350286,06:12:59,06:13:06
R6,R6_T10,602,Stop_602,28.581098232171566,77.08251833220267,06:18:02,06:18:14
R6,R6_T10,603,Stop_603,28.622960617833808,77.11375574713551,06:26:29,06:26:37
R6,R6_T10,604,Stop_604,28.638721274257634,77.09722149251618,06:35:12,06:35:27
R6,R6_T10,605,Stop_605,28.56195942459383,77.1213244787223,06:38:35,06:38:41
R6,R6_T10,606,Stop_606,28.62607850486169,77.10612771975694,06:43:41,06:43:56
R6,R6_T10,607,Stop_607,28.627096717995457,77.09937955963643,06:52:52,06:53:02
R6,R6_T11,600,Stop_600,28.63631034258756,77.11232981268275,08:55:00,08:55:19
R6,R6_T11,601,Stop_601,28.583089802485265,77.0563558350286,09:03:15,09:03:35
R6,R6_T11,602,Stop_602,28.581098232171566,77.08251833220267,09:10:58,09:11:08
R6,R6_T11,603,Stop_603,28.622960617833808,77.11375574713551,09:20:03,09:20:12
R6,R6_T11,604,Stop_604,28.638721274257634,77.09722149251618,09:22:44,09:23:03
R6,R6_T11,605,Stop_605,28.56195942459383,77.1213244787223,09:25:21,09:25:35
R6,R6_T11,606,Stop_606,28.62607850486169,77.10612771975694,09:29:18,09:29:24
R6,R6_T11,607,Stop_607,28.627096717995457,77.09937955963643,09:38:09,09:38:20
R6,R6_T12,600,Stop_600,28.63631034258756,77.11232981268275,06:10:00,06:10:15
R6,R6_T12,601,Stop_601,28.583089802485265,77.0563558350286,06:20:12,06:20:26
R6,R6_T12,602,Stop_602,28.581098232171566,77.08251833220267,06:26:49,06:27:06
R6,R6_T12,603,Stop_603,28.622960617833808,77.11375574713551,06:36:03,06:36:23
R6,R6_T12,604,Stop_604,28.638721274257634,77.09722149251618,06:40:32,06:40:38
R6,R6_T12,605,Stop_605,28.56195942459383,77.1213244787223,06:49:03,06:49:14
R6,R6_T12,606,Stop_606,28.62607850486169,77.10612771975694,06:53:40,06:53:56
R6,R6_T12,607,Stop_607,28.627096717995457,77.09937955963643,07:03:17,07:03:23
R6,R6_T13,600,Stop_600,28.63631034258756,77.11232981268275,08:47:00,08:47:15
R6,R6_T13,601,Stop_601,28.583089802485265,77.0563558350286,08:51:34,08:51:42
R6,R6_T13,602,Stop_602,28.581098232171566,77.08251833220267,09:00:31,09:00:47
R6,R6_T13,603,Stop_603,28.622960617833808,77.11375574713551,09:06:30,09:06:47
R6,R6_T13,604,Stop_604,28.638721274257634,77.09722149251618,09:15:07,09:15:26
R6,R6_T13,605,Stop_605,28.56195942459383,77.1213244787223,09:25:04,09:25:21
R6,R6_T13,606,Stop_606,28.62607850486169,77.10612771975694,09:30:14,09:30:24
R6,R6_T13,607,Stop_607,28.627096717995457,77.09937955963643,09:36:38,09:36:58
R6,R6_T14,600,Stop_600,28.63631034258756,77.11232981268275,08:12:00,08:12:13
R6,R6_T14,601,Stop_601,28.583089802485265,77.0563558350286,08:21:03,08:21:10
R6,R6_T14,602,Stop_602,28.581098232171566,77.08251833220267,08:29:22,08:29:40
R6,R6_T14,603,Stop_603,28.622960617833808,77.11375574713551,08:32:20,08:32:38
R6,R6_T14,604,Stop_604,28.638721274257634,77.09722149251618,08:39:46,08:39:56
R6,R6_T14,605,Stop_605,28.56195942459383,77.1213244787223,08:46:35,08:46:49
R6,R6_T14,606,Stop_606,28.62607850486169,77.10612771975694,08:51:33,08:51:41
R6,R6_T14,607,Stop_607,28.627096717995457,77.09937955963643,08:54:21,08:54:36
R6,R6_T15,600,Stop_600,28.63631034258756,77.11232981268275,07:15:00,07:15:14
R6,R6_T15,601,Stop_601,28.583089802485265,77.0563558350286,07:21:02,07:21:20
R6,R6_T15,602,Stop_602,28.581098232171566,77.08251833220267,07:24:45,07:25:04
R6,R6_T15,603,Stop_603,28.622960617833808,77.11375574713551,07:30:03,07:30:22
R6,R6_T15,604,Stop_604,28.638721274257634,77.09722149251618,07:32:43,07:32:59
R6,R6_T15,605,Stop_605,28.56195942459383,77.1213244787223,07:40:13,07:40:31
R6,R6_T15,606,Stop_606,28.62607850486169,77.10612771975694,07:44:51,07:44:57
R6,R6_T15,607,Stop_607,28.627096717995457,77.09937955963643,07:47:35,07:47:52
R6,R6_T16,600,Stop_600,28.63631034258756,77.11232981268275,08:11:00,08:11:10
R6,R6_T16,601,Stop_601,28.583089802485265,77.0563558350286,08:13:25,08:13:34
R6,R6_T16,602,Stop_602,28.581098232171566,77.08251833220267,08:22:48,08:23:07
R6,R6_T16,603,Stop_603,28.622960617833808,77.11375574713551,08:25:24,08:25:33
R6,R6_T16,604,Stop_604,28.638721274257634,77.09722149251618,08:28:07,08:28:19
R6,R6_T16,605,Stop_605,28.56195942459383,77.1213244787223,08:36:57,08:37:13
R6,R6_T16,606,Stop_606,28.62607850486169,77.10612771975694,08:42:18,08:42:35
R6,R6_T16,607,Stop_607,28.627096717995457,77.09937955963643,08:49:25,08:49:31
R6,R6_T17,600,Stop_600,28.63631034258756,77.11232981268275,06:39:00,06:39:19
R6,R6_T17,601,Stop_601,28.583089802485265,77.0563558350286,06:44:28,06:44:44
R6,R6_T17,602,Stop_602,28.581098232171566,77.08251833220267,06:50:31,06:50:38
R6,R6_T17,603,Stop_603,28.622960617833808,77.11375574713551,06:57:31,06:57:40
R6,R6_T17,604,Stop_604,28.638721274257634,77.09722149251618,07:04:11,07:04:27
R6,R6_T17,605,Stop_605,28.56195942459383,77.1213244787223,07:09:50,07:10:05
R6,R6_T17,606,Stop_606,28.62607850486169,77.10612771975694,07:17:37,07:17:50
R6,R6_T17,607,Stop_607,28.627096717995457,77.09937955963643,07:21:57,07:22:05
R6,R6_T18,600,Stop_600,28.63631034258756,77.11232981268275,06:47:00,06:47:20
R6,R6_T18,601,Stop_601,28.583089802485265,77.0563558350286,06:53:45,06:54:02
R6,R6_T18,602,Stop_602,28.581098232171566,77.08251833220267,07:03:49,07:03:57
R6,R6_T18,603,Stop_603,28.622960617833808,77.11375574713551,07:08:11,07:08:24
R6,R6_T18,604,Stop_604,28.638721274257634,77.09722149251618,07:16:24,07:16:43
R6,R6_T18,605,Stop_605,28.56195942459383,77.1213244787223,07:20:32,07:20:46
R6,R6_T18,606,Stop_606,28.62607850486169,77.10612771975694,07:28:41,07:29:01
R6,R6_T18,607,Stop_607,28.627096717995457,77.09937955963643,07:32:43,07:32:51
R6,R6_T19,600,Stop_600,28.63631034258756,77.11232981268275,06:18:00,06:18:19
R6,R6_T19,601,Stop_601,28.583089802485265,77.0563558350286,06:21:47,06:22:06
R6,R6_T19,602,Stop_602,28.581098232171566,77.08251833220267,06:24:50,06:25:05
R6,R6_T19,603,Stop_603,28.622960617833808,77.11375574713551,06:32:46,06:33:02
R6,R6_T19,604,Stop_604,28.638721274257634,77.09722149251618,06:41:05,06:41:12
R6,R6_T19,605,Stop_605,28.56195942459383,77.1213244787223,06:47:53,06:48:07
R6,R6_T19,606,Stop_606,28.62607850486169,77.10612771975694,06:57:43,06:57:57
R6,R6_T19,607,Stop_607,28.627096717995457,77.09937955963643,07:07:12,07:07:22
R7,R7_T0,700,Stop_700,28.6022732829382,77.09275410183585,08:59:00,08:59:10
R7,R7_T0,701,Stop_701,28.55254191267441,77.06078914269932,09:07:56,09:08:12
R7,R7_T0,702,Stop_702,28.553142918568675,77.11364104112637,09:14:32,09:14:44
R7,R7_T0,703,Stop_703,28.581435598107635,77.10085706911646,09:17:46,09:17:57
R7,R7_T0,704,Stop_704,28.64075664739261,77.07492922291488,09:26:42,09:26:51
R7,R7_T0,705,Stop_705,28.591038292303566,77.1255551138543,09:30:52,09:31:12
R7,R7_T0,706,Stop_706,28.572879816549165,77.05769799098287,09:33:25,09:33:41
R7,R7_T0,707,Stop_707,28.578975145291377,77.0661221287254,09:40:24,09:40:40
R7,R7_T1,700,Stop_700,28.6022732829382,77.09275410183585,08:21:00,08:21:09
R7,R7_T1,701,Stop_701,28.55254191267441,77.06078914269932,08:28:22,08:28:29
R7,R7_T1,702,Stop_702,28.553142918568675,77.11364104112637,08:31:02,08:31:16
R7,R7_T1,703,Stop_703,28.581435598107635,77.10085706911646,08:36:39,08:36:59
R7,R7_T1,704,Stop_704,28.64075664739261,77.07492922291488,08:43:28,08:43:46
R7,R7_T1,705,Stop_705,28.591038292303566,77.1255551138543,08:52:19,08:52:37
R7,R7_T1,706,Stop_706,28.572879816549165,77.05769799098287,09:01:38,09:01:45
R7,R7_T1,707,Stop_707,28.578975145291377,77.0661221287254,09:04:49,09:05:04
R7,R7_T2,700,Stop_700,28.6022732829382,77.09275410183585,06:18:00,06:18:19
R7,R7_T2,701,Stop_701,28.55254191267441,77.06078914269932,06:24:17,06:24:33
R7,R7_T2,702,Stop_702,28.553142918568675,77.11364104112637,06:27:38,06:27:48
R7,R7_T2,703,Stop_703,28.581435598107635,77.10085706911646,06:36:21,06:36:30
R7,R7_T2,704,Stop_704,28.64075664739261,77.07492922291488,06:42:11,06:42:17
R7,R7_T2,705,Stop_705,28.591038292303566,77.1255551138543,06:51:22,06:51:30
R7,R7_T2,706,Stop_706,28.572879816549165,77.05769799098287,06:57:55,06:58:04
R7,R7_T2,707,Stop_707,28.578975145291377,77.0661221287254,07:02:39,07:02:49
R7,R7_T3,700,Stop_700,28.6022732829382,77.09275410183585,07:22:00,07:22:12
R7,R7_T3,701,Stop_701,28.55254191267441,77.06078914269932,07:27:09,07:27:23
R7,R7_T3,702,Stop_702,28.553142918568675,77.11364104112637,07:36:36,07:36:43
R7,R7_T3,703,Stop_703,28.581435598107635,77.10085706911646,07:40:51,07:41:02
R7,R7_T3,704,Stop_704,28.64075664739261,77.07492922291488,07:48:27,07:48:40
R7,R7_T3,705,Stop_705,28.591038292303566,77.1255551138543,07:51:44,07:51:58
R7,R7_T3,706,Stop_706,28.572879816549165,77.05769799098287,07:59:12,07:59:19
R7,R7_T3,707,Stop_707,28.578975145291377,77.0661221287254,08:05:36,08:05:46
R7,R7_T4,700,Stop_700,28.6022732829382,77.09275410183585,08:28:00,08:28:09
R7,R7_T4,701,Stop_701,28.55254191267441,77.06078914269932,08:31:36,08:31:51
R7,R7_T4,702,Stop_702,28.553142918568675,77.11364104112637,08:41:02,08:41:08
R7,R7_T4,703,Stop_703,28.581435598107635,77.10085706911646,08:50:10,08:50:15
R7,R7_T4,704,Stop_704,28.64075664739261,77.07492922291488,08:52:56,08:53:02
R7,R7_T4,705,Stop_705,28.591038292303566,77.1255551138543,09:00:30,09:00:43
R7,R7_T4,706,Stop_706,28.572879816549165,77.05769799098287,09:08:16,09:08:27
R7,R7_T4,707,Stop_707,28.578975145291377,77.0661221287254,09:16:59,09:17:17
R7,R7_T5,700,Stop_700,28.6022732829382,77.09275410183585,08:43:00,08:43:05
R7,R7_T5,701,Stop_701,28.55254191267441,77.06078914269932,08:49:19,08:49:33
R7,R7_T5,702,Stop_702,28.553142918568675,77.11364104112637,08:57:01,08:57:15
R7,R7_T5,703,Stop_703,28.581435598107635,77.10085706911646,09:03:22,09:03:34
R7,R7_T5,704,Stop_704,28.64075664739261,77.07492922291488,09:12:26,09:12:43
R7,R7_T5,705,Stop_705,28.591038292303566,77.1255551138543,09:17:15,09:17:34
R7,R7_T5,706,Stop_706,28.572879816549165,77.05769799098287,09:20:11,09:20:17
R7,R7_T5,707,Stop_707,28.578975145291377,77.0661221287254,09:23:37,09:23:56
R7,R7_T6,700,Stop_700,28.6022732829382,77.09275410183585,08:03:00,08:03:19
R7,R7_T6,701,Stop_701,28.55254191267441,77.06078914269932,08:07:03,08:07:18
R7,R7_T6,702,Stop_702,28.553142918568675,77.11364104112637,08:14:28,08:14:37
R7,R7_T6,703,Stop_703,28.581435598107635,77.10085706911646,08:19:17,08:19:32
R7,R7_T6,704,Stop_704,28.64075664739261,77.07492922291488,08:27:47,08:28:03
R7,R7_T6,705,Stop_705,28.591038292303566,77.1255551138543,08:33:27,08:33:36
R7,R7_T6,706,Stop_706,28.572879816549165,77.05769799098287,08:42:05,08:42:21
R7,R7_T6,707,Stop_707,28.578975145291377,77.0661221287254,08:48:44,08:48:52
R7,R7_T7,700,Stop_700,28.6022732829382,77.09275410183585,07:01:00,07:01:19
R7,R7_T7,701,Stop_701,28.55254191267441,77.06078914269932,07:04:21,07:04:34
R7,R7_T7,702,Stop_702,28.553142918568675,77.11364104112637,07:10:24,07:10:36
R7,R7_T7,703,Stop_703,28.581435598107635,77.10085706911646,07:13:48,07:13:56
R7,R7_T7,704,Stop_704,28.64075664739261,77.07492922291488,07:16:21,07:16:35
R7,R7_T7,705,Stop_705,28.591038292303566,77.1255551138543,07:21:51,07:22:09
R7,R7_T7,706,Stop_706,28.572879816549165,77.05769799098287,07:26:16,07:26:26
R7,R7_T7,707,Stop_707,28.578975145291377,77.0661221287254,07:35:22,07:35:37
R7,R7_T8,700,Stop_700,28.6022732829382,77.09275410183585,08:27:00,08:27:15
R7,R7_T8,701,Stop_701,28.55254191267441,77.06078914269932,08:30:52,08:31:02
R7,R7_T8,702,Stop_702,28.553142918568675,77.11364104112637,08:37:17,08:37:36
R7,R7_T8,703,Stop_703,28.581435598107635,77.10085706911646,08:43:51,08:44:05
R7,R7_T8,704,Stop_704,28.64075664739261,77.07492922291488,08:50:19,08:50:24
R7,R7_T8,705,Stop_705,28.591038292303566,77.1255551138543,08:53:10,08:53:27
R7,R7_T8,706,Stop_706,28.572879816549165,77.05769799098287,08:59:45,09:00:04
R7,R7_T8,707,Stop_707,28.578975145291377,77.0661221287254,09:04:07,09:04:18
R7,R7_T9,700,Stop_700,28.6022732829382,77.09275410183585,07:30:00,07:30:06
R7,R7_T9,701,Stop_701,28.55254191267441,77.06078914269932,07:32:31,07:32:45
R7,R7_T9,702,Stop_702,28.553142918568675,77.11364104112637,07:38:58,07:39:18
R7,R7_T9,703,Stop_703,28.581435598107635,77.10085706911646,07:43:44,07:43:49
R7,R7_T9,704,Stop_704,28.64075664739261,77.07492922291488,07:53:02,07:53:10
R7,R7_T9,705,Stop_705,28.591038292303566,77.1255551138543,07:58:50,07:58:59
R7,R7_T9,706,Stop_706,28.572879816549165,77.05769799098287,08:08:30,08:08:43
R7,R7_T9,707,Stop_707,28.578975145291377,77.0661221287254,08:16:55,08:17:11
R7,R7_T10,700,Stop_700,28.6022732829382,77.09275410183585,07:43:00,07:43:16
R7,R7_T10,701,Stop_701,28.55254191267441,77.06078914269932,07:45:39,07:45:56
R7,R7_T10,702,Stop_702,28.553142918568675,77.11364104112637,07:48:22,07:48:33
R7,R7_T10,703,Stop_703,28.581435598107635,77.10085706911646,07:53:38,07:53:52
R7,R7_T10,704,Stop_704,28.64075664739261,77.07492922291488,07:56:29,07:56:46
R7,R7_T10,705,Stop_705,28.591038292303566,77.1255551138543,08:03:04,08:03:23
R7,R7_T10,706,Stop_706,28.572879816549165,77.05769799098287,08:11:54,08:12:07
R7,R7_T10,707,Stop_707,28.578975145291377,77.0661221287254,08:21:09,08:21:17
R7,R7_T11,700,Stop_700,28.6022732829382,77.09275410183585,06:24:00,06:24:17
R7,R7_T11,701,Stop_701,28.55254191267441,77.06078914269932,06:29:28,06:29:43
R7,R7_T11,702,Stop_702,28.553142918568675,77.11364104112637,06:36:28,06:36:44
R7,R7_T11,703,Stop_703,28.581435598107635,77.10085706911646,06:45:10,06:45:19
R7,R7_T11,704,Stop_704,28.64075664739261,77.07492922291488,06:49:00,06:49:17
R7,R7_T11,705,Stop_705,28.591038292303566,77.1255551138543,06:55:33,06:55:39
R7,R7_T11,706,Stop_706,28.572879816549165,77.05769799098287,06:58:02,06:58:08
R7,R7_T11,707,Stop_707,28.578975145291377,77.0661221287254,07:01:18,07:01:33
R7,R7_T12,700,Stop_700,28.6022732829382,77.09275410183585,08:01:00,08:01:19
R7,R7_T12,701,Stop_701,28.55254191267441,77.06078914269932,08:04:35,08:04:44
R7,R7_T12,702,Stop_702,28.553142918568675,77.11364104112637,08:09:31,08:09:46
R7,R7_T12,703,Stop_703,28.581435598107635,77.10085706911646,08:13:09,08:13:26
R7,R7_T12,704,Stop_704,28.64075664739261,77.07492922291488,08:20:41,08:20:55
R7,R7_T12,705,Stop_705,28.591038292303566,77.1255551138543,08:27:58,08:28:13
R7,R7_T12,706,Stop_706,28.572879816549165,77.05769799098287,08:34:32,08:34:52
R7,R7_T12,707,Stop_707,28.578975145291377,77.0661221287254,08:42:54,08:43:08
R7,R7_T13,700,Stop_700,28.6022732829382,77.09275410183585,06:04:00,06:04:16
R7,R7_T13,701,Stop_701,28.55254191267441,77.06078914269932,06:09:05,06:09:13
R7,R7_T13,702,Stop_702,28.553142918568675,77.11364104112637,06:14:46,06:15:00
R7,R7_T13,703,Stop_703,28.581435598107635,77.10085706911646,06:23:47,06:23:52
R7,R7_T13,704,Stop_704,28.64075664739261,77.07492922291488,06:30:57,06:31:17
R7,R7_T13,705,Stop_705,28.591038292303566,77.1255551138543,06:35:32,06:35:44
R7,R7_T13,706,Stop_706,28.572879816549165,77.05769799098287,06:43:53,06:43:59
R7,R7_T13,707,Stop_707,28.578975145291377,77.0661221287254,06:50:57,06:51:17
R7,R7_T14,700,Stop_700,28.6022732829382,77.09275410183585,08:14:00,08:14:17
R7,R7_T14,701,Stop_701,28.55254191267441,77.06078914269932,08:17:32,08:17:44
R7,R7_T14,702,Stop_702,28.553142918568675,77.11364104112637,08:20:00,08:20:08
R7,R7_T14,703,Stop_703,28.581435598107635,77.10085706911646,08:23:45,08:23:50
R7,R7_T14,704,Stop_704,28.64075664739261,77.07492922291488,08:29:35,08:29:50
R7,R7_T14,705,Stop_705,28.591038292303566,77.1255551138543,08:35:24,08:35:33
R7,R7_T14,706,Stop_706,28.572879816549165,77.05769799098287,08:41:04,08:41:15
R7,R7_T14,707,Stop_707,28.578975145291377,77.0661221287254,08:46:45,08:47:05
R7,R7_T15,700,Stop_700,28.6022732829382,77.09275410183585,06:15:00,06:15:09
R7,R7_T15,701,Stop_701,28.55254191267441,77.06078914269932,06:21:34,06:21:45
R7,R7_T15,702,Stop_702,28.553142918568675,77.11364104112637,06:28:32,06:28:47
R7,R7_T15,703,Stop_703,28.581435598107635,77.10085706911646,06:36:26,06:36:46
R7,R7_T15,704,Stop_704,28.64075664739261,77.07492922291488,06:43:15,06:43:32
R7,R7_T15,705,Stop_705,28.591038292303566,77.1255551138543,06:48:12,06:48:22
R7,R7_T15,706,Stop_706,28.572879816549165,77.05769799098287,06:54:17,06:54:32
R7,R7_T15,707,Stop_707,28.578975145291377,77.0661221287254,07:01:11,07:01:27
R7,R7_T16,700,Stop_700,28.6022732829382,77.09275410183585,08:54:00,08:54:13
R7,R7_T16,701,Stop_701,28.55254191267441,77.06078914269932,09:01:25,09:01:45
R7,R7_T16,702,Stop_702,28.553142918568675,77.11364104112637,09:05:23,09:05:35
R7,R7_T16,703,Stop_703,28.581435598107635,77.10085706911646,09:09:57,09:10:11
R7,R7_T16,704,Stop_704,28.64075664739261,77.07492922291488,09:14:06,09:14:20
R7,R7_T16,705,Stop_705,28.591038292303566,77.1255551138543,09:22:54,09:23:08
R7,R7_T16,706,Stop_706,28.572879816549165,77.05769799098287,09:31:08,09:31:19
R7,R7_T16,707,Stop_707,28.578975145291377,77.0661221287254,09:39:12,09:39:32
R7,R7_T17,700,Stop_700,28.6022732829382,77.09275410183585,08:02:00,08:02:16
R7,R7_T17,701,Stop_701,28.55254191267441,77.06078914269932,08:09:02,08:09:15
R7,R7_T17,702,Stop_702,28.553142918568675,77.11364104112637,08:13:42,08:13:50
R7,R7_T17,703,Stop_703,28.581435598107635,77.10085706911646,08:20:43,08:21:00
R7,R7_T17,704,Stop_704,28.64075664739261,77.07492922291488,08:30:38,08:30:55
R7,R7_T17,705,Stop_705,28.591038292303566,77.1255551138543,08:39:54,08:40:10
R7,R7_T17,706,Stop_706,28.572879816549165,77.05769799098287,08:48:45,08:48:54
R7,R7_T17,707,Stop_707,28.578975145291377,77.0661221287254,08:53:22,08:53:28
R7,R7_T18,700,Stop_700,28.6022732829382,77.09275410183585,06:20:00,06:20:16
R7,R7_T18,701,Stop_701,28.55254191267441,77.06078914269932,06:30:09,06:30:28
R7,R7_T18,702,Stop_702,28.553142918568675,77.11364104112637,06:38:03,06:38:16
R7,R7_T18,703,Stop_703,28.581435598107635,77.10085706911646,06:46:38,06:46:58
R7,R7_T18,704,Stop_704,28.64075664739261,77.07492922291488,06:50:47,06:50:58
R7,R7_T18,705,Stop_705,28.591038292303566,77.1255551138543,07:00:01,07:00:14
R7,R7_T18,706,Stop_706,28.572879816549165,77.05769799098287,07:10:11,07:10:24
R7,R7_T18,707,Stop_707,28.578975145291377,77.0661221287254,07:13:34,07:13:42
R7,R7_T19,700,Stop_700,28.6022732829382,77.09275410183585,08:30:00,08:30:12
R7,R7_T19,701,Stop_701,28.55254191267441,77.06078914269932,08:34:16,08:34:22
R7,R7_T19,702,Stop_702,28.553142918568675,77.11364104112637,08:42:04,08:42:16
R7,R7_T19,703,Stop_703,28.581435598107635,77.10085706911646,08:49:42,08:49:54
R7,R7_T19,704,Stop_704,28.64075664739261,77.07492922291488,08:52:20,08:52:28
R7,R7_T19,705,Stop_705,28.591038292303566,77.1255551138543,08:57:59,08:58:14
R7,R7_T19,706,Stop_706,28.572879816549165,77.05769799098287,09:06:21,09:06:41
R7,R7_T19,707,Stop_707,28.578975145291377,77.0661221287254,09:09:32,09:09:41
R8,R8_T0,800,Stop_800,28.64296976523426,77.13081203795643,08:20:00,08:20:10
R8,R8_T0,801,Stop_801,28.613340375651045,77.13714605901876,08:25:38,08:25:58
R8,R8_T0,802,Stop_802,28.63036720768991,77.0686570058886,08:32:02,08:32:13
R8,R8_T0,803,Stop_803,28.639255899848997,77.10393422419156,08:40:40,08:40:54
R8,R8_T0,804,Stop_804,28.630744015516406,77.13960912999234,08:45:38,08:45:52
R8,R8_T0,805,Stop_805,28.58180034749719,77.06100519245277,08:53:22,08:53:28
R8,R8_T0,806,Stop_806,28.572793516254194,77.09271077886262,09:03:12,09:03:19
R8,R8_T0,807,Stop_807,28.63180147659225,77.13607305832564,09:10:52,09:11:04
R8,R8_T1,800,Stop_800,28.64296976523426,77.13081203795643,06:09:00,06:09:10
R8,R8_T1,801,Stop_801,28.613340375651045,77.13714605901876,06:14:43,06:14:53
R8,R8_T1,802,Stop_802,28.63036720768991,77.0686570058886,06:24:51,06:24:57
R8,R8_T1,803,Stop_803,28.639255899848997,77.10393422419156,06:34:05,06:34:22
R8,R8_T1,804,Stop_804,28.630744015516406,77.13960912999234,06:43:05,06:43:25
R8,R8_T1,805,Stop_805,28.58180034749719,77.06100519245277,06:47:00,06:47:14
R8,R8_T1,806,Stop_806,28.572793516254194,77.09271077886262,06:56:42,06:56:48
R8,R8_T1,807,Stop_807,28.63180147659225,77.13607305832564,06:58:52,06:59:06
R8,R8_T2,800,Stop_800,28.64296976523426,77.13081203795643,08:34:00,08:34:08
R8,R8_T2,801,Stop_801,28.613340375651045,77.13714605901876,08:44:03,08:44:18
R8,R8_T2,802,Stop_802,28.63036720768991,77.0686570058886,08:48:43,08:49:02
R8,R8_T2,803,Stop_803,28.639255899848997,77.10393422419156,08:56:30,08:56:50
R8,R8_T2,804,Stop_804,28.630744015516406,77.13960912999234,09:06:25,09:06:34
R8,R8_T2,805,Stop_805,28.58180034749719,77.06100519245277,09:15:49,09:16:08
R8,R8_T2,806,Stop_806,28.572793516254194,77.09271077886262,09:20:27,09:20:38
R8,R8_T2,807,Stop_807,28.63180147659225,77.13607305832564,09:29:32,09:29:40
R8,R8_T3,800,Stop_800,28.64296976523426,77.13081203795643,06:41:00,06:41:19
R8,R8_T3,801,Stop_801,28.613340375651045,77.13714605901876,06:48:50,06:49:03
R8,R8_T3,802,Stop_802,28.63036720768991,77.0686570058886,06:57:10,06:57:20
R8,R8_T3,803,Stop_803,28.639255899848997,77.10393422419156,06:59:27,06:59:42
R8,R8_T3,804,Stop_804,28.630744015516406,77.13960912999234,07:08:26,07:08:40
R8,R8_T3,805,Stop_805,28.58180034749719,77.06100519245277,07:15:30,07:15:41
R8,R8_T3,806,Stop_806,28.572793516254194,77.09271077886262,07:19:10,07:19:27
R8,R8_T3,807,Stop_807,28.63180147659225,77.13607305832564,07:28:30,07:28:48
R8,R8_T4,800,Stop_800,28.64296976523426,77.13081203795643,07:23:00,07:23:07
R8,R8_T4,801,Stop_801,28.613340375651045,77.13714605901876,07:28:32,07:28:40
R8,R8_T4,802,Stop_802,28.63036720768991,77.0686570058886,07:32:14,07:32:23
R8,R8_T4,803,Stop_803,28.639255899848997,77.10393422419156,07:38:27,07:38:42
R8,R8_T4,804,Stop_804,28.630744015516406,77.13960912999234,07:48:41,07:48:53
R8,R8_T4,805,Stop_805,28.58180034749719,77.06100519245277,07:50:56,07:51:09
R8,R8_T4,806,Stop_806,28.572793516254194,77.09271077886262,07:56:25,07:56:37
R8,R8_T4,807,Stop_807,28.63180147659225,77.13607305832564,08:02:25,08:02:38
R8,R8_T5,800,Stop_800,28.64296976523426,77.13081203795643,07:17:00,07:17:05
R8,R8_T5,801,Stop_801,28.613340375651045,77.13714605901876,07:21:18,07:21:34
R8,R8_T5,802,Stop_802,28.63036720768991,77.0686570058886,07:29:28,07:29:40
R8,R8_T5,803,Stop_803,28.639255899848997,77.10393422419156,07:32:11,07:32:19
R8,R8_T5,804,Stop_804,28.630744015516406,77.13960912999234,07:38:17,07:38:31
R8,R8_T5,805,Stop_805,28.58180034749719,77.06100519245277,07:41:52,07:42:09
R8,R8_T5,806,Stop_806,28.572793516254194,77.09271077886262,07:50:00,07:50:14
R8,R8_T5,807,Stop_807,28.63180147659225,77.13607305832564,07:58:07,07:58:15
R8,R8_T6,800,Stop_800,28.64296976523426,77.13081203795643,07:15:00,07:15:16
R8,R8_T6,801,Stop_801,28.613340375651045,77.13714605901876,07:22:30,07:22:42
R8,R8_T6,802,Stop_802,28.63036720768991,77.0686570058886,07:26:34,07:26:43
R8,R8_T6,803,Stop_803,28.639255899848997,77.10393422419156,07:32:47,07:32:56
R8,R8_T6,804,Stop_804,28.630744015516406,77.13960912999234,07:38:48,07:39:04
R8,R8_T6,805,Stop_805,28.58180034749719,77.06100519245277,07:44:36,07:44:56
R8,R8_T6,806,Stop_806,28.572793516254194,77.09271077886262,07:53:23,07:53:34
R8,R8_T6,807,Stop_807,28.63180147659225,77.13607305832564,08:02:04,08:02:16
R8,R8_T7,800,Stop_800,28.64296976523426,77.13081203795643,08:32:00,08:32:07
R8,R8_T7,801,Stop_801,28.613340375651045,77.13714605901876,08:38:36,08:38:55
R8,R8_T7,802,Stop_802,28.63036720768991,77.0686570058886,08:45:25,08:45:41
R8,R8_T7,803,Stop_803,28.639255899848997,77.10393422419156,08:48:20,08:48:28
R8,R8_T7,804,Stop_804,28.630744015516406,77.13960912999234,08:50:59,08:51:10
R8,R8_T7,805,Stop_805,28.58180034749719,77.06100519245277,08:58:03,08:58:12
R8,R8_T7,806,Stop_806,28.572793516254194,77.09271077886262,09:01:36,09:01:51
R8,R8_T7,807,Stop_807,28.63180147659225,77.13607305832564,09:11:08,09:11:27
R8,R8_T8,800,Stop_800,28.64296976523426,77.13081203795643,08:54:00,08:54:11
R8,R8_T8,801,Stop_801,28.613340375651045,77.13714605901876,09:02:18,09:02:38
R8,R8_T8,802,Stop_802,28.63036720768991,77.0686570058886,09:05:24,09:05:43
R8,R8_T8,803,Stop_803,28.639255899848997,77.10393422419156,09:14:37,09:14:43
R8,R8_T8,804,Stop_804,28.630744015516406,77.13960912999234,09:20:35,09:20:44
R8,R8_T8,805,Stop_805,28.58180034749719,77.06100519245277,09:27:06,09:27:24
R8,R8_T8,806,Stop_806,28.572793516254194,77.09271077886262,09:33:17,09:33:23
R8,R8_T8,807,Stop_807,28.63180147659225,77.13607305832564,09:40:09,09:40:28
R8,R8_T9,800,Stop_800,28.64296976523426,77.13081203795643,07:18:00,07:18:05
R8,R8_T9,801,Stop_801,28.613340375651045,77.13714605901876,07:23:27,07:23:40
R8,R8_T9,802,Stop_802,28.63036720768991,77.0686570058886,07:32:38,07:32:43
R8,R8_T9,803,Stop_803,28.639255899848997,77.10393422419156,07:41:04,07:41:15
R8,R8_T9,804,Stop_804,28.630744015516406,77.13960912999234,07:48:11,07:48:18
R8,R8_T9,805,Stop_805,28.58180034749719,77.06100519245277,07:50:41,07:50:59
R8,R8_T9,806,Stop_806,28.572793516254194,77.09271077886262,07:55:55,07:56:02
R8,R8_T9,807,Stop_807,28.63180147659225,77.13607305832564,08:02:39,08:02:45
R8,R8_T10,800,Stop_800,28.64296976523426,77.13081203795643,06:17:00,06:17:20
R8,R8_T10,801,Stop_801,28.613340375651045,77.13714605901876,06:19:36,06:19:50
R8,R8_T10,802,Stop_802,28.63036720768991,77.0686570058886,06:25:19,06:25:29
R8,R8_T10,803,Stop_803,28.639255899848997,77.10393422419156,06:34:02,06:34:11
R8,R8_T10,804,Stop_804,28.630744015516406,77.13960912999234,06:42:43,06:43:01
R8,R8_T10,805,Stop_805,28.58180034749719,77.06100519245277,06:48:12,06:48:29
R8,R8_T10,806,Stop_806,28.572793516254194,77.09271077886262,06:54:18,06:54:35
R8,R8_T10,807,Stop_807,28.63180147659225,77.13607305832564,06:59:47,06:59:54
R8,R8_T11,800,Stop_800,28.64296976523426,77.13081203795643,08:49:00,08:49:09
R8,R8_T11,801,Stop_801,28.613340375651045,77.13714605901876,08:56:43,08:56:59
R8,R8_T11,802,Stop_802,28.63036720768991,77.0686570058886,08:59:59,09:00:09
R8,R8_T11,803,Stop_803,28.639255899848997,77.10393422419156,09:06:44,09:07:01
R8,R8_T11,804,Stop_804,28.630744015516406,77.13960912999234,09:13:31,09:13:40
R8,R8_T11,805,Stop_805,28.58180034749719,77.06100519245277,09:21:52,09:22:04
R8,R8_T11,806,Stop_806,28.572793516254194,77.09271077886262,09:31:11,09:31:16
R8,R8_T11,807,Stop_807,28.63180147659225,77.13607305832564,09:39:43,09:39:48
R8,R8_T12,800,Stop_800,28.64296976523426,77.13081203795643,07:58:00,07:58:18
R8,R8_T12,801,Stop_801,28.613340375651045,77.13714605901876,08:04:50,08:05:07
R8,R8_T12,802,Stop_802,28.63036720768991,77.0686570058886,08:14:08,08:14:20
R8,R8_T12,803,Stop_803,28.639255899848997,77.10393422419156,08:18:26,08:18:45
R8,R8_T12,804,Stop_804,28.630744015516406,77.13960912999234,08:23:42,08:23:51
R8,R8_T12,805,Stop_805,28.58180034749719,77.06100519245277,08:28:12,08:28:23
R8,R8_T12,806,Stop_806,28.572793516254194,77.09271077886262,08:38:22,08:38:30
R8,R8_T12,807,Stop_807,28.63180147659225,77.13607305832564,08:40:46,08:41:04
R8,R8_T13,800,Stop_800,28.64296976523426,77.13081203795643,06:04:00,06:04:12
R8,R8_T13,801,Stop_801,28.613340375651045,77.13714605901876,06:07:57,06:08:04
R8,R8_T13,802,Stop_802,28.63036720768991,77.0686570058886,06:10:55,06:11:01
R8,R8_T13,803,Stop_803,28.639255899848997,77.10393422419156,06:16:49,06:16:55
R8,R8_T13,804,Stop_804,28.630744015516406,77.13960912999234,06:21:00,06:21:06
R8,R8_T13,805,Stop_805,28.58180034749719,77.06100519245277,06:26:31,06:26:50
R8,R8_T13,806,Stop_806,28.572793516254194,77.09271077886262,06:30:49,06:31:00
R8,R8_T13,807,Stop_807,28.63180147659225,77.13607305832564,06:39:26,06:39:32
R8,R8_T14,800,Stop_800,28.64296976523426,77.13081203795643,08:08:00,08:08:14
R8,R8_T14,801,Stop_801,28.613340375651045,77.13714605901876,08:12:13,08:12:28
R8,R8_T14,802,Stop_802,28.63036720768991,77.0686570058886,08:19:23,08:19:38
R8,R8_T14,803,Stop_803,28.639255899848997,77.10393422419156,08:23:39,08:23:53
R8,R8_T14,804,Stop_804,28.630744015516406,77.13960912999234,08:33:21,08:33:30
R8,R8_T14,805,Stop_805,28.58180034749719,77.06100519245277,08:41:08,08:41:20
R8,R8_T14,806,Stop_806,28.572793516254194,77.09271077886262,08:46:51,08:47:05
R8,R8_T14,807,Stop_807,28.63180147659225,77.13607305832564,08:51:25,08:51:31
R8,R8_T15,800,Stop_800,28.64296976523426,77.13081203795643,08:31:00,08:31:10
R8,R8_T15,801,Stop_801,28.613340375651045,77.13714605901876,08:38:30,08:38:48
R8,R8_T15,802,Stop_802,28.63036720768991,77.0686570058886,08:45:32,08:45:52
R8,R8_T15,803,Stop_803,28.639255899848997,77.10393422419156,08:48:16,08:48:32
R8,R8_T15,804,Stop_804,28.630744015516406,77.13960912999234,08:56:01,08:56:18
R8,R8_T15,805,Stop_805,28.58180034749719,77.06100519245277,09:05:00,09:05:15
R8,R8_T15,806,Stop_806,28.572793516254194,77.09271077886262,09:13:11,09:13:29
R8,R8_T15,807,Stop_807,28.63180147659225,77.13607305832564,09:18:58,09:19:07
R8,R8_T16,800,Stop_800,28.64296976523426,77.13081203795643,07:36:00,07:36:10
R8,R8_T16,801,Stop_801,28.613340375651045,77.13714605901876,07:44:36,07:44:56
R8,R8_T16,802,Stop_802,28.63036720768991,77.0686570058886,07:48:59,07:49:11
R8,R8_T16,803,Stop_803,28.639255899848997,77.10393422419156,07:53:44,07:53:53
R8,R8_T16,804,Stop_804,28.630744015516406,77.13960912999234,08:02:45,08:03:04
R8,R8_T16,805,Stop_805,28.58180034749719,77.06100519245277,08:12:52,08:12:58
R8,R8_T16,806,Stop_806,28.572793516254194,77.09271077886262,08:19:45,08:20:03
R8,R8_T16,807,Stop_807,28.63180147659225,77.13607305832564,08:25:36,08:25:45
R8,R8_T17,800,Stop_800,28.64296976523426,77.13081203795643,07:02:00,07:02:13
R8,R8_T17,801,Stop_801,28.613340375651045,77.13714605901876,07:05:57,07:06:12
R8,R8_T17,802,Stop_802,28.63036720768991,77.0686570058886,07:13:43,07:13:50
R8,R8_T17,803,Stop_803,28.639255899848997,77.10393422419156,07:23:42,07:24:01
R8,R8_T17,804,Stop_804,28.630744015516406,77.13960912999234,07:33:14,07:33:30
R8,R8_T17,805,Stop_805,28.58180034749719,77.06100519245277,07:36:17,07:36:28
R8,R8_T17,806,Stop_806,28.572793516254194,77.09271077886262,07:38:54,07:39:07
R8,R8_T17,807,Stop_807,28.63180147659225,77.13607305832564,07:44:20,07:44:26
R8,R8_T18,800,Stop_800,28.64296976523426,77.13081203795643,06:18:00,06:18:11
R8,R8_T18,801,Stop_801,28.613340375651045,77.13714605901876,06:27:02,06:27:13
R8,R8_T18,802,Stop_802,28.63036720768991,77.0686570058886,06:33:18,06:33:29
R8,R8_T18,803,Stop_803,28.639255899848997,77.10393422419156,06:42:54,06:43:09
R8,R8_T18,804,Stop_804,28.630744015516406,77.13960912999234,06:47:44,06:47:49
R8,R8_T18,805,Stop_805,28.58180034749719,77.06100519245277,06:51:37,06:51:48
R8,R8_T18,806,Stop_806,28.572793516254194,77.09271077886262,07:00:07,07:00:15
R8,R8_T18,807,Stop_807,28.63180147659225,77.13607305832564,07:08:37,07:08:57
R8,R8_T19,800,Stop_800,28.64296976523426,77.13081203795643,07:02:00,07:02:11
R8,R8_T19,801,Stop_801,28.613340375651045,77.13714605901876,07:07:34,07:07:46
R8,R8_T19,802,Stop_802,28.63036720768991,77.0686570058886,07:14:28,07:14:43
R8,R8_T19,803,Stop_803,28.639255899848997,77.10393422419156,07:23:20,07:23:34
R8,R8_T19,804,Stop_804,28.630744015516406,77.13960912999234,07:28:48,07:29:07
R8,R8_T19,805,Stop_805,28.58180034749719,77.06100519245277,07:35:40,07:35:56
R8,R8_T19,806,Stop_806,28.572793516254194,77.09271077886262,07:40:33,07:40:46
R8,R8_T19,807,Stop_807,28.63180147659225,77.13607305832564,07:45:50,07:46:10
R9,R9_T0,900,Stop_900,28.55069521305312,77.10107473025775,06:25:00,06:25:20
R9,R9_T0,901,Stop_901,28.59174110031488,77.07221078104706,06:33:49,06:34:04
R9,R9_T0,902,Stop_902,28.561986536733368,77.08376151714036,06:43:52,06:44:03
R9,R9_T0,903,Stop_903,28.644290970391253,77.08232029320207,06:49:12,06:49:27
R9,R9_T0,904,Stop_904,28.601879062174337,77.12030189588951,06:54:58,06:55:04
R9,R9_T0,905,Stop_905,28.58636296023793,77.1471782082721,07:01:52,07:02:04
R9,R9_T0,906,Stop_906,28.646244729494214,77.07517822958253,07:10:23,07:10:32
R9,R9_T0,907,Stop_907,28.59972485058924,77.08008783098167,07:12:40,07:12:53
R9,R9_T1,900,Stop_900,28.55069521305312,77.10107473025775,08:29:00,08:29:18
R9,R9_T1,901,Stop_901,28.59174110031488,77.07221078104706,08:33:49,08:33:58
R9,R9_T1,902,Stop_902,28.561986536733368,77.08376151714036,08:37:38,08:37:53
R9,R9_T1,903,Stop_903,28.644290970391253,77.08232029320207,08:41:50,08:42:07
R9,R9_T1,904,Stop_904,28.601879062174337,77.12030189588951,08:48:58,08:49:10
R9,R9_T1,905,Stop_905,28.58636296023793,77.1471782082721,08:55:25,08:55:40
R9,R9_T1,906,Stop_906,28.646244729494214,77.07517822958253,08:59:51,09:00:11
R9,R9_T1,907,Stop_907,28.59972485058924,77.08008783098167,09:08:21,09:08:41
R9,R9_T2,900,Stop_900,28.55069521305312,77.10107473025775,06:43:00,06:43:16
R9,R9_T2,901,Stop_901,28.59174110031488,77.07221078104706,06:46:42,06:46:51
R9,R9_T2,902,Stop_902,28.561986536733368,77.08376151714036,06:54:59,06:55:19
R9,R9_T2,903,Stop_903,28.644290970391253,77.08232029320207,06:58:53,06:58:59
R9,R9_T2,904,Stop_904,28.601879062174337,77.12030189588951,07:05:27,07:05:33
R9,R9_T2,905,Stop_905,28.58636296023793,77.1471782082721,07:14:42,07:14:49
R9,R9_T2,906,Stop_906,28.646244729494214,77.07517822958253,07:23:47,07:23:53
R9,R9_T2,907,Stop_907,28.59972485058924,77.08008783098167,07:32:24,07:32:29
R9,R9_T3,900,Stop_900,28.55069521305312,77.10107473025775,06:35:00,06:35:12
R9,R9_T3,901,Stop_901,28.59174110031488,77.07221078104706,06:37:46,06:37:55
R9,R9_T3,902,Stop_902,28.561986536733368,77.08376151714036,06:39:59,06:40:10
R9,R9_T3,903,Stop_903,28.644290970391253,77.08232029320207,06:46:28,06:46:47
R9,R9_T3,904,Stop_904,28.601879062174337,77.12030189588951,06:51:58,06:52:04
R9,R9_T3,905,Stop_905,28.58636296023793,77.1471782082721,06:59:20,06:59:40
R9,R9_T3,906,Stop_906,28.646244729494214,77.07517822958253,07:07:17,07:07:37
R9,R9_T3,907,Stop_907,28.59972485058924,77.08008783098167,07:09:45,07:09:50
R9,R9_T4,900,Stop_900,28.55069521305312,77.10107473025775,08:21:00,08:21:18
R9,R9_T4,901,Stop_901,28.59174110031488,77.07221078104706,08:23:24,08:23:29
R9,R9_T4,902,Stop_902,28.561986536733368,77.08376151714036,08:30:00,08:30:13
R9,R9_T4,903,Stop_903,28.644290970391253,77.08232029320207,08:36:47,08:37:01
R9,R9_T4,904,Stop_904,28.601879062174337,77.12030189588951,08:39:09,08:39:27
R9,R9_T4,905,Stop_905,28.58636296023793,77.1471782082721,08:48:19,08:48:29
R9,R9_T4,906,Stop_906,28.646244729494214,77.07517822958253,08:51:23,08:51:31
R9,R9_T4,907,Stop_907,28.59972485058924,77.08008783098167,08:57:59,08:58:08
R9,R9_T5,900,Stop_900,28.55069521305312,77.10107473025775,06:49:00,06:49:13
R9,R9_T5,901,Stop_901,28.59174110031488,77.07221078104706,06:58:10,06:58:26
R9,R9_T5,902,Stop_902,28.561986536733368,77.08376151714036,07:02:42,07:02:59
R9,R9_T5,903,Stop_903,28.644290970391253,77.08232029320207,07:05:39,07:05:55
R9,R9_T5,904,Stop_904,28.601879062174337,77.12030189588951,07:11:22,07:11:41
R9,R9_T5,905,Stop_905,28.58636296023793,77.1471782082721,07:18:30,07:18:42
R9,R9_T5,906,Stop_906,28.646244729494214,77.07517822958253,07:26:38,07:26:50
R9,R9_T5,907,Stop_907,28.59972485058924,77.08008783098167,07:31:23,07:31:30
R9,R9_T6,900,Stop_900,28.55069521305312,77.10107473025775,08:46:00,08:46:06
R9,R9_T6,901,Stop_901,28.59174110031488,77.07221078104706,08:48:53,08:49:10
R9,R9_T6,902,Stop_902,28.561986536733368,77.08376151714036,08:54:24,08:54:41
R9,R9_T6,903,Stop_903,28.644290970391253,77.08232029320207,09:01:23,09:01:43
R9,R9_T6,904,Stop_904,28.601879062174337,77.12030189588951,09:04:11,09:04:16
R9,R9_T6,905,Stop_905,28.58636296023793,77.1471782082721,09:12:15,09:12:25
R9,R9_T6,906,Stop_906,28.646244729494214,77.07517822958253,09:15:07,09:15:27
R9,R9_T6,907,Stop_907,28.59972485058924,77.08008783098167,09:24:39,09:24:57
R9,R9_T7,900,Stop_900,28.55069521305312,77.10107473025775,07:24:00,07:24:08
R9,R9_T7,901,Stop_901,28.59174110031488,77.07221078104706,07:33:46,07:33:52
R9,R9_T7,902,Stop_902,28.561986536733368,77.08376151714036,07:37:49,07:38:00
R9,R9_T7,903,Stop_903,28.644290970391253,77.08232029320207,07:47:41,07:48:01
R9,R9_T7,904,Stop_904,28.601879062174337,77.12030189588951,07:52:19,07:52:25
R9,R9_T7,905,Stop_905,28.58636296023793,77.1471782082721,08:02:18,08:02:25
R9,R9_T7,906,Stop_906,28.646244729494214,77.07517822958253,08:10:15,08:10:28
R9,R9_T7,907,Stop_907,28.59972485058924,77.08008783098167,08:20:08,08:20:14
R9,R9_T8,900,Stop_900,28.55069521305312,77.10107473025775,07:20:00,07:20:05
R9,R9_T8,901,Stop_901,28.59174110031488,77.07221078104706,07:23:51,07:24:00
R9,R9_T8,902,Stop_902,28.561986536733368,77.08376151714036,07:32:25,07:32:42
R9,R9_T8,903,Stop_903,28.644290970391253,77.08232029320207,07:42:37,07:42:44
R9,R9_T8,904,Stop_904,28.601879062174337,77.12030189588951,07:47:17,07:47:27
R9,R9_T8,905,Stop_905,28.58636296023793,77.1471782082721,07:54:15,07:54:27
R9,R9_T8,906,Stop_906,28.646244729494214,77.07517822958253,08:01:17,08:01:34
R9,R9_T8,907,Stop_907,28.59972485058924,77.08008783098167,08:09:20,08:09:35
R9,R9_T9,900,Stop_900,28.55069521305312,77.10107473025775,06:35:00,06:35:07
R9,R9_T9,901,Stop_901,28.59174110031488,77.07221078104706,06:41:23,06:41:39
R9,R9_T9,902,Stop_902,28.561986536733368,77.08376151714036,06:44:06,06:44:14
R9,R9_T9,903,Stop_903,28.644290970391253,77.08232029320207,06:49:57,06:50:09
R9,R9_T9,904,Stop_904,28.601879062174337,77.12030189588951,06:59:18,06:59:25
R9,R9_T9,905,Stop_905,28.58636296023793,77.1471782082721,07:04:19,07:04:36
R9,R9_T9,906,Stop_906,28.646244729494214,77.07517822958253,07:13:12,07:13:27
R9,R9_T9,907,Stop_907,28.59972485058924,77.08008783098167,07:15:42,07:15:55
R9,R9_T10,900,Stop_900,28.55069521305312,77.10107473025775,07:55:00,07:55:20
R9,R9_T10,901,Stop_901,28.59174110031488,77.07221078104706,07:59:16,07:59:32
R9,R9_T10,902,Stop_902,28.561986536733368,77.08376151714036,08:06:15,08:06:32
R9,R9_T10,903,Stop_903,28.644290970391253,77.08232029320207,08:12:13,08:12:23
R9,R9_T10,904,Stop_904,28.601879062174337,77.12030189588951,08:20:11,08:20:28
R9,R9_T10,905,Stop_905,28.58636296023793,77.1471782082721,08:23:11,08:23:25
R9,R9_T10,906,Stop_906,28.646244729494214,77.07517822958253,08:32:13,08:32:25
R9,R9_T10,907,Stop_907,28.59972485058924,77.08008783098167,08:40:30,08:40:37
R9,R9_T11,900,Stop_900,28.55069521305312,77.10107473025775,07:08:00,07:08:09
R9,R9_T11,901,Stop_901,28.59174110031488,77.07221078104706,07:13:23,07:13:32
R9,R9_T11,902,Stop_902,28.561986536733368,77.08376151714036,07:21:50,07:22:07
R9,R9_T11,903,Stop_903,28.644290970391253,77.08232029320207,07:26:49,07:27:05
R9,R9_T11,904,Stop_904,28.601879062174337,77.12030189588951,07:29:59,07:30:06
R9,R9_T11,905,Stop_905,28.58636296023793,77.1471782082721,07:32:08,07:32:22
R9,R9_T11,906,Stop_906,28.646244729494214,77.07517822958253,07:38:09,07:38:25
R9,R9_T11,907,Stop_907,28.59972485058924,77.08008783098167,07:46:54,07:47:07
R9,R9_T12,900,Stop_900,28.55069521305312,77.10107473025775,06:33:00,06:33:07
R9,R9_T12,901,Stop_901,28.59174110031488,77.07221078104706,06:36:42,06:37:00
R9,R9_T12,902,Stop_902,28.561986536733368,77.08376151714036,06:42:49,06:43:07
R9,R9_T12,903,Stop_903,28.644290970391253,77.08232029320207,06:45:59,06:46:04
R9,R9_T12,904,Stop_904,28.601879062174337,77.12030189588951,06:48:49,06:49:05
R9,R9_T12,905,Stop_905,28.58636296023793,77.1471782082721,06:55:48,06:55:55
R9,R9_T12,906,Stop_906,28.646244729494214,77.07517822958253,07:03:00,07:03:15
R9,R9_T12,907,Stop_907,28.59972485058924,77.08008783098167,07:12:37,07:12:54
R9,R9_T13,900,Stop_900,28.55069521305312,77.10107473025775,07:14:00,07:14:18
R9,R9_T13,901,Stop_901,28.59174110031488,77.07221078104706,07:19:36,07:19:43
R9,R9_T13,902,Stop_902,28.561986536733368,77.08376151714036,07:27:54,07:28:06
R9,R9_T13,903,Stop_903,28.644290970391253,77.08232029320207,07:34:58,07:35:08
R9,R9_T13,904,Stop_904,28.601879062174337,77.12030189588951,07:42:58,07:43:15
R9,R9_T13,905,Stop_905,28.58636296023793,77.1471782082721,07:46:41,07:46:50
R9,R9_T13,906,Stop_906,28.646244729494214,77.07517822958253,07:51:07,07:51:21
R9,R9_T13,907,Stop_907,28.59972485058924,77.08008783098167,07:55:38,07:55:58
R9,R9_T14,900,Stop_900,28.55069521305312,77.10107473025775,06:16:00,06:16:10
R9,R9_T14,901,Stop_901,28.59174110031488,77.07221078104706,06:21:52,06:22:05
R9,R9_T14,902,Stop_902,28.561986536733368,77.08376151714036,06:27:40,06:27:54
R9,R9_T14,903,Stop_903,28.644290970391253,77.08232029320207,06:34:01,06:34:08
R9,R9_T14,904,Stop_904,28.601879062174337,77.12030189588951,06:39:12,06:39:25
R9,R9_T14,905,Stop_905,28.58636296023793,77.1471782082721,06:43:31,06:43:51
R9,R9_T14,906,Stop_906,28.646244729494214,77.07517822958253,06:50:55,06:51:06
R9,R9_T14,907,Stop_907,28.59972485058924,77.08008783098167,06:57:00,06:57:08
R9,R9_T15,900,Stop_900,28.55069521305312,77.10107473025775,07:17:00,07:17:05
R9,R9_T15,901,Stop_901,28.59174110031488,77.07221078104706,07:22:27,07:22:42
R9,R9_T15,902,Stop_902,28.561986536733368,77.08376151714036,07:31:52,07:32:09
R9,R9_T15,903,Stop_903,28.644290970391253,77.08232029320207,07:41:00,07:41:15
R9,R9_T15,904,Stop_904,28.601879062174337,77.12030189588951,07:47:00,07:47:15
R9,R9_T15,905,Stop_905,28.58636296023793,77.1471782082721,07:52:55,07:53:04
R9,R9_T15,906,Stop_906,28.646244729494214,77.07517822958253,07:57:37,07:57:52
R9,R9_T15,907,Stop_907,28.59972485058924,77.08008783098167,08:05:00,08:05:11
R9,R9_T16,900,Stop_900,28.55069521305312,77.10107473025775,07:20:00,07:20:10
R9,R9_T16,901,Stop_901,28.59174110031488,77.07221078104706,07:25:33,07:25:48
R9,R9_T16,902,Stop_902,28.561986536733368,77.08376151714036,07:30:17,07:30:37
R9,R9_T16,903,Stop_903,28.644290970391253,77.08232029320207,07:37:31,07:37:43
R9,R9_T16,904,Stop_904,28.601879062174337,77.12030189588951,07:42:29,07:42:46
R9,R9_T16,905,Stop_905,28.58636296023793,77.1471782082721,07:47:09,07:47:26
R9,R9_T16,906,Stop_906,28.646244729494214,77.07517822958253,07:52:32,07:52:40
R9,R9_T16,907,Stop_907,28.59972485058924,77.08008783098167,08:02:37,08:02:48
R9,R9_T17,900,Stop_900,28.55069521305312,77.10107473025775,08:19:00,08:19:10
R9,R9_T17,901,Stop_901,28.59174110031488,77.07221078104706,08:26:59,08:27:04
R9,R9_T17,902,Stop_902,28.561986536733368,77.08376151714036,08:35:16,08:35:35
R9,R9_T17,903,Stop_903,28.644290970391253,77.08232029320207,08:43:37,08:43:48
R9,R9_T17,904,Stop_904,28.601879062174337,77.12030189588951,08:49:32,08:49:46
R9,R9_T17,905,Stop_905,28.58636296023793,77.1471782082721,08:58:51,08:58:58
R9,R9_T17,906,Stop_906,28.646244729494214,77.07517822958253,09:07:57,09:08:15
R9,R9_T17,907,Stop_907,28.59972485058924,77.08008783098167,09:15:59,09:16:19
R9,R9_T18,900,Stop_900,28.55069521305312,77.10107473025775,08:42:00,08:42:14
R9,R9_T18,901,Stop_901,28.59174110031488,77.07221078104706,08:46:17,08:46:30
R9,R9_T18,902,Stop_902,28.561986536733368,77.08376151714036,08:54:07,08:54:16
R9,R9_T18,903,Stop_903,28.644290970391253,77.08232029320207,09:02:22,09:02:40
R9,R9_T18,904,Stop_904,28.601879062174337,77.12030189588951,09:11:24,09:11:41
R9,R9_T18,905,Stop_905,28.58636296023793,77.1471782082721,09:14:18,09:14:37
R9,R9_T18,906,Stop_906,28.646244729494214,77.07517822958253,09:21:43,09:22:03
R9,R9_T18,907,Stop_907,28.59972485058924,77.08008783098167,09:29:01,09:29:18
R9,R9_T19,900,Stop_900,28.55069521305312,77.10107473025775,08:09:00,08:09:18
R9,R9_T19,901,Stop_901,28.59174110031488,77.07221078104706,08:15:56,08:16:02
R9,R9_T19,902,Stop_902,28.561986536733368,77.08376151714036,08:24:46,08:25:02
R9,R9_T19,903,Stop_903,28.644290970391253,77.08232029320207,08:33:01,08:33:08
R9,R9_T19,904,Stop_904,28.601879062174337,77.12030189588951,08:36:03,08:36:15
R9,R9_T19,905,Stop_905,28.58636296023793,77.1471782082721,08:43:51,08:44:07
R9,R9_T19,906,Stop_906,28.646244729494214,77.07517822958253,08:47:32,08:47:38
R9,R9_T19,907,Stop_907,28.59972485058924,77.08008783098167,08:54:26,08:54:43
R10,R10_T0,1000,Stop_1000,28.578484049437748,77.05368869473544,07:24:00,07:24:18
R10,R10_T0,1001,Stop_1001,28.61095643339799,77.10026790232288,07:27:12,07:27:17
R10,R10_T0,1002,Stop_1002,28.555147875125,77.07786464642365,07:30:07,07:30:20
R10,R10_T0,1003,Stop_1003,28.640826588596667,77.07395618906669,07:34:13,07:34:25
R10,R10_T0,1004,Stop_1004,28.564489487209123,77.09894527602775,07:40:13,07:40:29
R10,R10_T0,1005,Stop_1005,28.64856504541106,77.07420552715115,07:45:49,07:46:08
R10,R10_T0,1006,Stop_1006,28.61721355474059,77.12616196153287,07:54:43,07:54:52
R10,R10_T0,1007,Stop_1007,28.57376375439924,77.12282163486118,07:59:48,07:59:53
R10,R10_T1,1000,Stop_1000,28.578484049437748,77.05368869473544,06:26:00,06:26:14
R10,R10_T1,1001,Stop_1001,28.61095643339799,77.10026790232288,06:31:46,06:31:53
R10,R10_T1,1002,Stop_1002,28.555147875125,77.07786464642365,06:34:52,06:35:01
R10,R10_T1,1003,Stop_1003,28.640826588596667,77.07395618906669,06:39:59,06:40:13
R10,R10_T1,1004,Stop_1004,28.564489487209123,77.09894527602775,06:45:08,06:45:27
R10,R10_T1,1005,Stop_1005,28.64856504541106,77.07420552715115,06:54:08,06:54:19
R10,R10_T1,1006,Stop_1006,28.61721355474059,77.12616196153287,07:00:45,07:01:05
R10,R10_T1,1007,Stop_1007,28.57376375439924,77.12282163486118,07:06:03,07:06:23
R10,R10_T2,1000,Stop_1000,28.578484049437748,77.05368869473544,07:52:00,07:52:19
R10,R10_T2,1001,Stop_1001,28.61095643339799,77.10026790232288,07:57:02,07:57:09
R10,R10_T2,1002,Stop_1002,28.555147875125,77.07786464642365,08:01:42,08:01:48
R10,R10_T2,1003,Stop_1003,28.640826588596667,77.07395618906669,08:10:42,08:10:50
R10,R10_T2,1004,Stop_1004,28.564489487209123,77.09894527602775,08:13:01,08:13:16
R10,R10_T2,1005,Stop_1005,28.64856504541106,77.07420552715115,08:20:47,08:20:55
R10,R10_T2,1006,Stop_1006,28.61721355474059,77.12616196153287,08:28:41,08:28:51
R10,R10_T2,1007,Stop_1007,28.57376375439924,77.12282163486118,08:38:47,08:38:59
R10,R10_T3,1000,Stop_1000,28.578484049437748,77.05368869473544,06:44:00,06:44:10
R10,R10_T3,1001,Stop_1001,28.61095643339799,77.10026790232288,06:48:59,06:49:17
R10,R10_T3,1002,Stop_1002,28.555147875125,77.07786464642365,06:55:13,06:55:25
R10,R10_T3,1003,Stop_1003,28.640826588596667,77.07395618906669,07:04:13,07:04:30
R10,R10_T3,1004,Stop_1004,28.564489487209123,77.09894527602775,07:11:52,07:12:02
R10,R10_T3,1005,Stop_1005,28.64856504541106,77.07420552715115,07:15:37,07:15:55
R10,R10_T3,1006,Stop_1006,28.61721355474059,77.12616196153287,07:21:17,07:21:22
R10,R10_T3,1007,Stop_1007,28.57376375439924,77.12282163486118,07:29:39,07:29:50
R10,R10_T4,1000,Stop_1000,28.578484049437748,77.05368869473544,08:31:00,08:31:18
R10,R10_T4,1001,Stop_1001,28.61095643339799,77.10026790232288,08:36:37,08:36:42
R10,R10_T4,1002,Stop_1002,28.555147875125,77.07786464642365,08:44:42,08:44:53
R10,R10_T4,1003,Stop_1003,28.640826588596667,77.07395618906669,08:48:38,08:48:51
R10,R10_T4,1004,Stop_1004,28.564489487209123,77.09894527602775,08:57:16,08:57:23
R10,R10_T4,1005,Stop_1005,28.64856504541106,77.07420552715115,09:04:18,09:04:26
R10,R10_T4,1006,Stop_1006,28.61721355474059,77.12616196153287,09:13:15,09:13:25
R10,R10_T4,1007,Stop_1007,28.57376375439924,77.12282163486118,09:18:32,09:18:47
R10,R10_T5,1000,Stop_1000,28.578484049437748,77.05368869473544,07:57:00,07:57:08
R10,R10_T5,1001,Stop_1001,28.61095643339799,77.10026790232288,08:01:22,08:01:42
R10,R10_T5,1002,Stop_1002,28.555147875125,77.07786464642365,08:08:12,08:08:27
R10,R10_T5,1003,Stop_1003,28.640826588596667,77.07395618906669,08:15:32,08:15:49
R10,R10_T5,1004,Stop_1004,28.564489487209123,77.09894527602775,08:23:01,08:23:18
R10,R10_T5,1005,Stop_1005,28.64856504541106,77.07420552715115,08:30:18,08:30:26
R10,R10_T5,1006,Stop_1006,28.61721355474059,77.12616196153287,08:35:24,08:35:40
R10,R10_T5,1007,Stop_1007,28.57376375439924,77.12282163486118,08:44:52,08:45:11
R10,R10_T6,1000,Stop_1000,28.578484049437748,77.05368869473544,06:44:00,06:44:14
R10,R10_T6,1001,Stop_1001,28.61095643339799,77.10026790232288,06:54:04,06:54:11
R10,R10_T6,1002,Stop_1002,28.555147875125,77.07786464642365,07:01:55,07:02:04
R10,R10_T6,1003,Stop_1003,28.640826588596667,77.07395618906669,07:06:44,07:06:52
R10,R10_T6,1004,Stop_1004,28.564489487209123,77.09894527602775,07:10:54,07:11:08
R10,R10_T6,1005,Stop_1005,28.64856504541106,77.07420552715115,07:14:07,07:14:17
R10,R10_T6,1006,Stop_1006,28.61721355474059,77.12616196153287,07:19:28,07:19:37
R10,R10_T6,1007,Stop_1007,28.57376375439924,77.12282163486118,07:25:58,07:26:15
R10,R10_T7,1000,Stop_1000,28.578484049437748,77.05368869473544,08:32:00,08:32:09
R10,R10_T7,1001,Stop_1001,28.61095643339799,77.10026790232288,08:39:03,08:39:20
R10,R10_T7,1002,Stop_1002,28.555147875125,77.07786464642365,08:44:56,08:45:06
R10,R10_T7,1003,Stop_1003,28.640826588596667,77.07395618906669,08:51:15,08:51:25
R10,R10_T7,1004,Stop_1004,28.564489487209123,77.09894527602775,08:58:09,08:58:19
R10,R10_T7,1005,Stop_1005,28.64856504541106,77.07420552715115,09:04:29,09:04:43
R10,R10_T7,1006,Stop_1006,28.61721355474059,77.12616196153287,09:07:54,09:08:04
R10,R10_T7,1007,Stop_1007,28.57376375439924,77.12282163486118,09:12:45,09:13:04
R10,R10_T8,1000,Stop_1000,28.578484049437748,77.05368869473544,06:13:00,06:13:16
R10,R10_T8,1001,Stop_1001,28.61095643339799,77.10026790232288,06:15:20,06:15:40
R10,R10_T8,1002,Stop_1002,28.555147875125,77.07786464642365,06:18:49,06:19:00
R10,R10_T8,1003,Stop_1003,28.640826588596667,77.07395618906669,06:27:57,06:28:14
R10,R10_T8,1004,Stop_1004,28.564489487209123,77.09894527602775,06:35:01,06:35:21
R10,R10_T8,1005,Stop_1005,28.64856504541106,77.07420552715115,06:40:50,06:41:10
R10,R10_T8,1006,Stop_1006,28.61721355474059,77.12616196153287,06:46:42,06:47:01
R10,R10_T8,1007,Stop_1007,28.57376375439924,77.12282163486118,06:53:11,06:53:21
R10,R10_T9,1000,Stop_1000,28.578484049437748,77.05368869473544,08:24:00,08:24:05
R10,R10_T9,1001,Stop_1001,28.61095643339799,77.10026790232288,08:32:52,08:33:04
R10,R10_T9,1002,Stop_1002,28.555147875125,77.07786464642365,08:37:33,08:37:39
R10,R10_T9,1003,Stop_1003,28.640826588596667,77.07395618906669,08:41:59,08:42:11
R10,R10_T9,1004,Stop_1004,28.564489487209123,77.09894527602775,08:48:46,08:49:00
R10,R10_T9,1005,Stop_1005,28.64856504541106,77.07420552715115,08:52:26,08:52:45
R10,R10_T9,1006,Stop_1006,28.61721355474059,77.12616196153287,08:59:34,08:59:54
R10,R10_T9,1007,Stop_1007,28.57376375439924,77.12282163486118,09:06:35,09:06:43
R10,R10_T10,1000,Stop_1000,28.578484049437748,77.05368869473544,06:29:00,06:29:13
R10,R10_T10,1001,Stop_1001,28.61095643339799,77.10026790232288,06:37:49,06:38:05
R10,R10_T10,1002,Stop_1002,28.555147875125,77.07786464642365,06:44:42,06:44:48
R10,R10_T10,1003,Stop_1003,28.640826588596667,77.07395618906669,06:53:17,06:53:36
R10,R10_T10,1004,Stop_1004,28.564489487209123,77.09894527602775,07:00:15,07:00:26
R10,R10_T10,1005,Stop_1005,28.64856504541106,77.07420552715115,07:06:03,07:06:11
R10,R10_T10,1006,Stop_1006,28.61721355474059,77.12616196153287,07:14:27,07:14:39
R10,R10_T10,1007,Stop_1007,28.57376375439924,77.12282163486118,07:19:11,07:19:17
R10,R10_T11,1000,Stop_1000,28.578484049437748,77.05368869473544,07:07:00,07:07:16
R10,R10_T11,1001,Stop_1001,28.61095643339799,77.10026790232288,07:16:37,07:16:44
R10,R10_T11,1002,Stop_1002,28.555147875125,77.07786464642365,07:22:28,07:22:36
R10,R10_T11,1003,Stop_1003,28.640826588596667,77.07395618906669,07:31:13,07:31:25
R10,R10_T11,1004,Stop_1004,28.564489487209123,77.09894527602775,07:35:12,07:35:28
R10,R10_T11,1005,Stop_1005,28.64856504541106,77.07420552715115,07:44:48,07:45:06
R10,R10_T11,1006,Stop_1006,28.61721355474059,77.12616196153287,07:48:30,07:48:39
R10,R10_T11,1007,Stop_1007,28.57376375439924,77.12282163486118,07:57:20,07:57:31
R10,R10_T12,1000,Stop_1000,28.578484049437748,77.05368869473544,06:52:00,06:52:06
R10,R10_T12,1001,Stop_1001,28.61095643339799,77.10026790232288,06:58:57,06:59:13
R10,R10_T12,1002,Stop_1002,28.555147875125,77.07786464642365,07:05:45,07:05:58
R10,R10_T12,1003,Stop_1003,28.640826588596667,77.07395618906669,07:13:03,07:13:13
R10,R10_T12,1004,Stop_1004,28.564489487209123,77.09894527602775,07:17:58,07:18:12
R10,R10_T12,1005,Stop_1005,28.64856504541106,77.07420552715115,07:22:40,07:22:53
R10,R10_T12,1006,Stop_1006,28.61721355474059,77.12616196153287,07:32:12,07:32:20
R10,R10_T12,1007,Stop_1007,28.57376375439924,77.12282163486118,07:35:29,07:35:47
R10,R10_T13,1000,Stop_1000,28.578484049437748,77.05368869473544,06:15:00,06:15:13
R10,R10_T13,1001,Stop_1001,28.61095643339799,77.10026790232288,06:24:36,06:24:45
R10,R10_T13,1002,Stop_1002,28.555147875125,77.07786464642365,06:32:44,06:32:53
R10,R10_T13,1003,Stop_1003,28.640826588596667,77.07395618906669,06:37:00,06:37:09
R10,R10_T13,1004,Stop_1004,28.564489487209123,77.09894527602775,06:45:13,06:45:28
R10,R10_T13,1005,Stop_1005,28.64856504541106,77.07420552715115,06:54:32,06:54:44
R10,R10_T13,1006,Stop_1006,28.61721355474059,77.12616196153287,07:03:13,07:03:30
R10,R10_T13,1007,Stop_1007,28.57376375439924,77.12282163486118,07:09:40,07:09:49
R10,R10_T14,1000,Stop_1000,28.578484049437748,77.05368869473544,08:41:00,08:41:13
R10,R10_T14,1001,Stop_1001,28.61095643339799,77.10026790232288,08:48:34,08:48:52
R10,R10_T14,1002,Stop_1002,28.555147875125,77.07786464642365,08:54:04,08:54:23
R10,R10_T14,1003,Stop_1003,28.640826588596667,77.07395618906669,08:57:01,08:57:08
R10,R10_T14,1004,Stop_1004,28.564489487209123,77.09894527602775,09:02:34,09:02:47
R10,R10_T14,1005,Stop_1005,28.64856504541106,77.07420552715115,09:10:42,09:10:58
R10,R10_T14,1006,Stop_1006,28.61721355474059,77.12616196153287,09:16:50,09:17:10
R10,R10_T14,1007,Stop_1007,28.57376375439924,77.12282163486118,09:21:57,09:22:02
R10,R10_T15,1000,Stop_1000,28.578484049437748,77.05368869473544,06:23:00,06:23:19
R10,R10_T15,1001,Stop_1001,28.61095643339799,77.10026790232288,06:30:44,06:31:00
R10,R10_T15,1002,Stop_1002,28.555147875125,77.07786464642365,06:40:15,06:40:22
R10,R10_T15,1003,Stop_1003,28.640826588596667,77.07395618906669,06:49:09,06:49:26
R10,R10_T15,1004,Stop_1004,28.564489487209123,77.09894527602775,06:53:17,06:53:35
R10,R10_T15,1005,Stop_1005,28.64856504541106,77.07420552715115,07:02:37,07:02:48
R10,R10_T15,1006,Stop_1006,28.61721355474059,77.12616196153287,07:09:01,07:09:14
R10,R10_T15,1007,Stop_1007,28.57376375439924,77.12282163486118,07:13:59,07:14:13
R10,R10_T16,1000,Stop_1000,28.578484049437748,77.05368869473544,08:20:00,08:20:09
R10,R10_T16,1001,Stop_1001,28.61095643339799,77.10026790232288,08:26:58,08:27:18
R10,R10_T16,1002,Stop_1002,28.555147875125,77.07786464642365,08:36:01,08:36:16
R10,R10_T16,1003,Stop_1003,28.640826588596667,77.07395618906669,08:45:53,08:45:59
R10,R10_T16,1004,Stop_1004,28.564489487209123,77.09894527602775,08:48:22,08:48:30
R10,R10_T16,1005,Stop_1005,28.64856504541106,77.07420552715115,08:55:50,08:56:09
R10,R10_T16,1006,Stop_1006,28.61721355474059,77.12616196153287,08:58:17,08:58:25
R10,R10_T16,1007,Stop_1007,28.57376375439924,77.12282163486118,09:08:20,09:08:30
R10,R10_T17,1000,Stop_1000,28.578484049437748,77.05368869473544,07:56:00,07:56:05
R10,R10_T17,1001,Stop_1001,28.61095643339799,77.10026790232288,08:01:44,08:01:55
R10,R10_T17,1002,Stop_1002,28.555147875125,77.07786464642365,08:09:47,08:09:56
R10,R10_T17,1003,Stop_1003,28.640826588596667,77.07395618906669,08:19:27,08:19:41
R10,R10_T17,1004,Stop_1004,28.564489487209123,77.09894527602775,08:23:02,08:23:15
R10,R10_T17,1005,Stop_1005,28.64856504541106,77.07420552715115,08:26:02,08:26:18
R10,R10_T17,1006,Stop_1006,28.61721355474059,77.12616196153287,08:30:26,08:30:33
R10,R10_T17,1007,Stop_1007,28.57376375439924,77.12282163486118,08:35:43,08:35:53
R10,R10_T18,1000,Stop_1000,28.578484049437748,77.05368869473544,07:41:00,07:41:14
R10,R10_T18,1001,Stop_1001,28.61095643339799,77.10026790232288,07:49:25,07:49:37
R10,R10_T18,1002,Stop_1002,28.555147875125,77.07786464642365,07:55:16,07:55:23
R10,R10_T18,1003,Stop_1003,28.640826588596667,77.07395618906669,08:03:23,08:03:31
R10,R10_T18,1004,Stop_1004,28.564489487209123,77.09894527602775,08:05:31,08:05:42
R10,R10_T18,1005,Stop_1005,28.64856504541106,77.07420552715115,08:11:46,08:11:53
R10,R10_T18,1006,Stop_1006,28.61721355474059,77.12616196153287,08:15:00,08:15:12
R10,R10_T18,1007,Stop_1007,28.57376375439924,77.12282163486118,08:21:37,08:21:56
R10,R10_T19,1000,Stop_1000,28.578484049437748,77.05368869473544,06:02:00,06:02:15
R10,R10_T19,1001,Stop_1001,28.61095643339799,77.10026790232288,06:11:13,06:11:21
R10,R10_T19,1002,Stop_1002,28.555147875125,77.07786464642365,06:20:41,06:20:59
R10,R10_T19,1003,Stop_1003,28.640826588596667,77.07395618906669,06:28:54,06:29:03
R10,R10_T19,1004,Stop_1004,28.564489487209123,77.09894527602775,06:35:07,06:35:14
R10,R10_T19,1005,Stop_1005,28.64856504541106,77.07420552715115,06:39:11,06:39:28
R10,R10_T19,1006,Stop_1006,28.61721355474059,77.12616196153287,06:42:13,06:42:21
R10,R10_T19,1007,Stop_1007,28.57376375439924,77.12282163486118,06:45:13,06:45:28
